type,year,attacks,nkilled,nwounded
1,1970,643,136,212
1,1971,463,172,82
1,1972,551,540,409
1,1973,465,368,495
1,1974,577,537,865
1,1975,727,615,617
1,1976,900,647,708
1,1977,1292,441,518
1,1978,1455,1382,1563
1,1979,2533,1813,2233
1,1980,2560,4159,3474
1,1981,2470,4522,3152
1,1982,2408,4883,3210
1,1983,2670,7945,3872
1,1984,3198,8522,4881
1,1985,2680,5939,4679
1,1986,2679,4571,5358
1,1987,2988,6040,5544
1,1988,3470,6238,6565
1,1989,4147,7520,5264
1,1990,3648,6470,5635
1,1991,4404,7693,7106
1,1992,4831,8509,9490
1,1994,2577,6021,6235
1,1995,2920,5690,13783
1,1996,2909,6025,10151
1,1997,2998,9859,8706
1,1998,891,4118,8155
1,1999,1340,3251,5241
1,2000,1782,4315,5832
1,2001,1890,7392,27985
1,2002,1309,4674,7130
1,2003,1263,3294,7301
1,2004,1137,5659,12003
1,2005,1984,6251,12547
1,2006,2716,9168,15415
1,2007,3197,12679,22461
1,2008,4755,9072,18947
1,2009,4707,9253,19143
1,2010,4819,7809,15942
1,2011,5051,8216,14646
1,2012,8476,15459,25357
1,2013,11930,22161,37608
1,2014,16797,44276,40916
1,2015,14870,38712,44007
1,2016,13570,34836,40005
1,2017,10935,26444,25055
1,2018,9560,22937,20225
4,1973,1,0,1
4,1979,3,53,1
4,1988,11,128,106
4,1989,10,10,84
4,1990,2,12,122
4,1991,25,64,103
4,1992,36,49,185
4,1994,7,22,30
4,1995,5,5,10
4,1996,4,31,30
4,1997,1,4,37
4,1998,1,8,30
4,1999,9,39,41
4,2000,13,38,11
4,2001,14,174,59
4,2002,37,69,297
4,2003,99,163,186
4,2004,87,275,263
4,2005,155,367,411
4,2006,283,736,922
4,2007,340,1194,1155
4,2008,412,1090,1331
4,2009,503,1065,1604
4,2010,541,1152,1699
4,2011,409,1510,1934
4,2012,1453,3503,4655
4,2013,1435,3695,4321
4,2014,1799,5367,5111
4,2015,1918,6196,6985
4,2016,1616,6141,6485
4,2017,1409,6090,6018
4,2018,1772,9807,7844
5,1981,1,0,0
5,1990,1,0,0
5,1991,1,0,0
5,1992,3,1,0
5,1994,1,0,0
5,1996,6,7,37
5,1997,41,26,77
5,1998,7,0,5
5,1999,3,6,5
5,2000,2,0,0
5,2001,1,0,0
5,2003,1,0,0
5,2009,1,0,0
5,2014,2,1,2
5,2015,4,0,0
5,2016,2,0,0
5,2017,1,0,0
6,1972,1,0,0
6,1976,1,0,0
6,1978,1,0,1
6,1979,1,0,0
6,1990,1,3,1
6,1991,29,42,73
6,1992,208,231,272
6,1994,149,345,118
6,1995,172,381,1010
6,1996,128,522,1118
6,1997,305,3722,1801
6,1998,143,739,925
6,1999,98,404,257
6,2000,133,516,263
6,2001,107,600,247
6,2002,128,588,313
6,2003,72,260,105
6,2004,67,166,187
6,2005,101,225,224
6,2006,149,183,258
6,2007,121,226,681
6,2008,104,245,327
6,2009,107,203,210
6,2010,98,105,218
6,2011,15,25,34
6,2012,41,30,105
6,2013,22,101,48
6,2014,13,37,30
6,2015,15,20,19
6,2016,9,9,2
6,2017,14,12,19
6,2018,7,19,11
8,1977,1,0,0
8,1978,1,0,24
8,1979,3,19,30
8,1981,1,3,0
8,1982,2,2,0
8,1983,7,282,349
8,1984,9,172,70
8,1985,3,5,0
8,1986,5,119,23
8,1987,3,5,10
8,1988,10,56,114
8,1989,11,72,10
8,1990,199,147,217
8,1991,14,69,75
8,1992,48,97,56
8,1994,6,59,10
8,1995,8,51,26
8,1996,4,18,6
8,1997,6,28,31
8,1998,17,229,46
8,1999,29,287,281
8,2000,21,177,43
8,2001,39,587,314
8,2002,5,38,17
8,2009,1,2,0
8,2010,2,4,7
8,2016,2,0,0
8,2017,6,7,411
10,1992,1,0,0
11,1970,20,4,2
11,1971,7,5,0
11,1972,20,5,0
11,1973,58,14,4
11,1974,71,21,12
11,1975,38,123,16
11,1976,54,122,90
11,1977,17,7,12
11,1978,25,13,11
11,1979,16,11,12
11,1980,6,0,1
11,1981,2,0,0
11,1982,9,1,0
11,1983,18,1,3
11,1984,46,1,4
11,1985,42,2,10
11,1986,28,2,7
11,1987,80,3,11
11,1988,33,1,20
11,1989,32,26,17
11,1990,31,1,1
11,1991,27,1,7
11,1992,38,33,224
11,1994,11,86,266
11,1995,16,0,1
11,1996,19,1,12
11,1997,11,3,2
11,1999,1,0,0
11,2001,2,0,1
11,2003,1,0,0
11,2005,3,0,0
11,2009,1,0,0
11,2010,5,0,0
11,2011,1,0,0
11,2012,2,0,0
11,2013,2,0,2
11,2014,1,0,0
11,2015,1,0,0
11,2016,2,0,2
11,2017,2,0,0
11,2018,5,0,4
12,1991,1,0,0
12,1992,2,2,1
12,1994,4,15,46
12,1995,1,2,20
12,1996,1,2,0
12,1998,2,0,1
12,1999,2,8,0
12,2000,2,0,0
12,2001,2,1,0
12,2007,1,0,0
12,2009,1,1,0
12,2013,1,0,1
12,2015,2,0,1
12,2016,2,6,1
12,2018,1,0,0
14,1970,1,0,0
14,1971,1,0,0
14,1972,3,1,0
14,1974,1,0,0
14,1978,2,2,9
14,1979,2,0,9
14,1980,6,2,3
14,1981,1,1,0
14,1982,2,0,3
14,1986,2,1,22
14,1988,3,0,0
14,1989,2,0,0
14,1991,4,0,0
14,1992,4,1,4
14,1994,7,2,3
14,1995,5,0,0
14,1996,5,2,1
14,1997,4,0,23
14,1998,6,0,2
14,2000,1,0,0
14,2001,2,0,0
14,2006,2,0,0
14,2008,3,0,0
14,2009,1,0,0
14,2010,1,0,0
14,2013,1,0,0
14,2014,8,4,7
14,2015,14,2,0
14,2016,9,0,1
14,2017,4,4,21
14,2018,3,2,3
15,1972,7,4,5
15,1973,1,0,0
15,1974,1,0,0
15,1975,2,4,11
15,1976,4,0,0
15,1977,5,1,1
15,1978,1,0,0
15,1979,5,0,6
15,1980,2,0,8
15,1981,3,3,20
15,1982,11,0,0
15,1984,4,2,1
15,1985,4,4,50
15,1986,4,0,0
15,1987,4,0,1
15,1988,1,0,1
15,1989,2,3,0
15,1990,1,0,0
15,1991,3,0,0
15,1992,8,0,1
15,1994,5,0,3
15,1995,12,6,6
15,1996,4,0,1
15,1997,1,0,0
15,1998,1,0,0
15,2006,1,0,0
15,2007,1,0,0
15,2008,7,0,0
15,2009,3,1,9
15,2011,1,0,0
15,2013,1,0,2
15,2016,3,0,0
15,2017,1,2,0
15,2018,1,1,1
16,1991,3,26,4
16,1992,10,122,30
16,1994,8,22,89
16,1995,2,0,0
16,1996,2,2,0
16,1997,1,1,0
16,2000,1,0,3
16,2001,4,1,6
16,2002,1,0,1
16,2007,1,0,0
16,2008,2,5,13
16,2009,2,1,2
16,2014,3,0,1
16,2016,2,1,1
16,2017,2,5,2
16,2018,1,0,1
17,1976,1,0,0
17,1981,1,0,0
17,1997,2,1,0
17,2013,1,0,0
18,1979,1,0,0
18,1980,1,0,0
18,1991,1,1,0
18,1994,1,0,3
18,1995,5,1,2
18,1996,16,8,15
18,1997,11,5,2
18,2003,1,0,0
18,2006,1,0,0
18,2008,1,1,2
18,2010,2,0,0
18,2011,1,0,0
18,2012,25,4,37
18,2013,49,3,38
18,2014,41,9,39
18,2015,18,5,22
18,2016,3,1,2
18,2017,21,6,26
18,2018,1,0,1
19,1977,1,0,1
19,1979,1,0,0
19,1980,1,6,80
19,1981,1,6,2
19,1982,1,0,4
19,1984,1,1,0
19,1985,1,0,13
19,1986,10,54,263
19,1987,6,26,2
19,1988,29,57,135
19,1989,28,101,162
19,1990,17,58,29
19,1991,36,41,428
19,1992,68,74,466
19,1994,68,30,657
19,1995,71,34,683
19,1996,136,82,1181
19,1997,15,8,349
19,1998,2,0,1
19,1999,11,30,185
19,2000,23,11,34
19,2001,15,57,258
19,2002,5,21,440
19,2003,4,3,13
19,2004,11,43,384
19,2005,22,42,304
19,2006,23,19,57
19,2007,9,1,10
19,2008,19,9,48
19,2009,27,18,46
19,2010,22,15,28
19,2011,13,9,6
19,2012,18,8,32
19,2013,137,16,117
19,2014,130,38,114
19,2015,468,86,720
19,2016,88,76,88
19,2017,41,25,73
19,2018,32,12,41
20,1976,2,73,0
20,1992,1,3,3
21,1970,1,0,0
21,1972,4,0,1
21,1973,1,0,0
21,1974,5,0,1
21,1976,1,0,0
21,1977,1,0,0
21,1978,8,1,0
21,1979,8,1,42
21,1980,8,2,20
21,1981,6,6,97
21,1982,1,0,4
21,1983,8,2,7
21,1984,10,0,1
21,1985,21,10,20
21,1986,3,0,2
21,1987,1,1,0
21,1988,5,1,0
21,1989,7,4,3
21,1990,2,2,0
21,1991,6,1,0
21,1992,9,1,0
21,1994,1,0,5
21,1995,1,0,0
21,1997,2,4,0
21,1998,3,0,0
21,1999,2,0,0
21,2002,3,0,0
21,2003,8,0,20
21,2007,1,0,0
21,2009,1,0,0
21,2012,1,1,1
21,2014,2,4,3
21,2016,6,36,276
21,2017,3,2,2
21,2018,3,4,7
22,1980,1,0,0
22,1991,2,0,0
22,1992,2,1,0
22,2000,1,0,0
22,2013,1,0,0
23,1992,1,0,1
23,1994,3,0,3
23,1995,1,0,0
23,1996,2,0,0
25,2006,1,4,0
25,2008,2,5,2
25,2011,1,0,2
25,2014,1,0,0
26,1971,1,0,0
26,1974,1,0,0
26,1976,1,0,0
26,1977,1,0,0
26,1978,3,0,0
26,1979,14,0,7
26,1980,35,11,51
26,1981,5,1,1
26,1982,27,0,1
26,1983,27,0,3
26,1984,14,1,3
26,1985,13,0,0
26,1986,4,1,0
26,1987,13,1,25
26,1988,11,2,0
26,1989,40,2,0
26,1990,10,1,3
26,1991,28,7,1
26,1992,32,4,4
26,1994,6,0,3
26,1995,2,0,0
26,1996,1,0,0
26,1997,4,4,7
26,2003,1,0,0
26,2005,1,0,0
26,2007,3,0,0
26,2009,3,0,7
26,2012,1,0,2
26,2018,2,12,60
28,1992,22,55,22
28,1994,9,3,5
28,1995,6,2,3
28,1996,33,2,12
28,1997,41,5,68
28,1998,9,2,3
28,1999,5,1,4
28,2000,6,1,3
28,2001,2,0,0
28,2002,3,0,0
28,2003,1,0,0
28,2005,1,0,1
28,2006,1,0,0
28,2007,2,1,2
28,2008,4,2,10
28,2009,1,0,0
28,2010,1,1,6
28,2011,1,0,1
28,2013,1,0,0
28,2014,3,0,4
28,2015,5,4,5
28,2018,2,0,1
29,1974,1,1,0
29,1985,1,0,1
29,1987,1,3,4
29,1988,3,1,5
29,1989,2,0,0
29,1990,1,6,0
30,1970,6,2,1
30,1971,3,0,0
30,1972,1,0,1
30,1973,2,0,15
30,1976,5,0,1
30,1977,1,0,1
30,1978,5,1,1
30,1979,6,4,0
30,1980,19,19,3
30,1981,11,2,3
30,1982,4,27,0
30,1983,8,0,12
30,1984,5,0,1
30,1985,1,0,0
30,1986,3,14,0
30,1987,1,0,11
30,1988,2,0,0
30,1989,5,1,0
30,1990,7,3,4
30,1991,24,12,17
30,1992,24,28,10
30,1994,18,15,4
30,1995,21,13,38
30,1996,17,22,9
30,1997,39,28,15
30,1998,2,0,0
30,1999,1,1,0
30,2000,1,0,0
30,2001,3,1,0
30,2002,1,0,0
30,2003,1,0,0
30,2006,3,1,11
30,2012,1,1,0
30,2013,3,2,0
30,2014,3,2,0
30,2015,5,3,0
30,2016,2,1,0
30,2017,2,0,0
30,2018,11,10,8
31,1972,5,0,0
31,1992,1,0,1
32,1982,2,2,0
32,1984,1,0,0
32,1990,5,0,0
32,1991,3,0,0
32,1992,2,0,0
32,1994,2,1,1
32,1995,2,3,0
32,1996,12,9,3
32,1997,3,0,0
32,1998,2,0,1
32,1999,1,0,0
32,2000,2,4,0
32,2001,1,0,0
32,2002,1,1,0
32,2008,2,0,0
32,2011,2,0,0
32,2012,2,8,30
32,2013,3,0,0
32,2014,1,0,0
32,2015,2,0,0
32,2016,1,0,1
32,2018,1,0,1
33,1984,1,1,0
33,1991,2,1,2
33,2013,1,1,0
33,2015,5,15,131
33,2016,10,62,40
33,2017,32,53,45
33,2018,68,115,131
34,1991,7,117,41
34,1992,2,61,19
34,1994,11,134,122
34,1995,75,439,249
34,1996,30,818,124
34,1997,72,329,420
34,1998,12,384,129
34,1999,13,108,63
34,2000,16,76,23
34,2001,37,166,49
34,2002,18,67,56
34,2003,18,116,24
34,2004,1,18,0
34,2005,5,13,17
34,2006,5,21,54
34,2007,3,3,2
34,2008,7,28,46
34,2010,29,14,55
34,2011,8,47,30
34,2012,4,6,22
34,2013,2,5,12
34,2014,5,4,1
34,2015,102,223,220
34,2016,83,74,213
34,2017,21,20,127
34,2018,10,36,80
35,1994,1,0,0
35,1997,2,1,0
35,1999,1,0,0
35,2001,1,0,0
35,2006,1,0,1
35,2008,1,0,50
35,2010,2,0,0
35,2011,1,13,161
35,2012,3,0,0
36,1971,2,2,10
36,1972,2,1,0
36,1978,1,1,0
36,1989,2,11,0
36,1990,2,0,0
36,1991,3,16,18
36,1992,61,64,148
36,1994,36,219,67
36,1995,23,11,62
36,1996,23,44,78
36,1997,18,100,284
36,1998,5,25,5
36,1999,7,1,18
36,2000,4,12,23
36,2001,7,4,13
36,2002,3,4,1
36,2003,1,1,0
36,2008,2,1,2
36,2013,2,0,0
36,2018,1,0,0
37,1991,3,19,0
37,1992,6,6,5
37,1994,1,2,0
37,1995,2,5,1
37,1998,1,0,0
37,2007,1,31,0
37,2008,1,3,0
37,2009,1,0,0
37,2010,3,5,2
37,2011,3,4,0
37,2013,3,7,0
37,2014,65,778,15
37,2015,82,911,463
37,2016,56,269,324
37,2017,109,243,248
37,2018,231,293,222
38,1970,2,1,0
38,1972,4,1,7
38,1974,1,0,0
38,1980,3,0,0
38,1982,5,1,8
38,1983,1,0,0
38,1985,3,331,2
38,1986,2,0,1
38,1989,1,15,14
38,1992,3,0,2
38,1994,4,0,1
38,1995,5,1,1
38,1996,1,0,1
38,1997,2,0,1
38,1998,4,1,0
38,1999,1,0,2
38,2000,5,0,30
38,2004,1,0,0
38,2006,2,0,0
38,2008,5,0,9
38,2009,4,0,0
38,2010,2,0,0
38,2012,3,0,0
38,2013,4,0,0
38,2014,3,7,6
38,2015,5,0,2
38,2016,6,1,34
38,2017,12,6,25
38,2018,6,13,43
41,1981,1,3,0
41,1986,1,0,0
41,1991,3,2,5
41,1992,1,1,0
41,1994,1,2,5
41,1996,1,2,0
41,2000,1,1,0
41,2006,1,4,1
41,2007,1,1,0
41,2008,2,1,0
41,2009,4,28,14
41,2010,12,36,23
41,2011,3,35,3
41,2012,4,14,16
41,2013,17,118,71
41,2014,90,739,297
41,2015,46,145,91
41,2016,35,188,174
41,2017,42,600,239
41,2018,46,227,379
42,1974,1,0,0
42,1984,1,0,25
42,1991,2,40,0
42,1992,3,20,0
42,1995,3,0,0
42,1996,1,1,0
42,1997,1,2,2
42,1998,1,0,0
42,1999,1,77,0
42,2002,2,1,1
42,2006,10,63,3
42,2007,7,136,138
42,2008,7,171,1011
42,2009,2,0,1
42,2010,1,0,0
42,2015,25,290,416
42,2016,5,22,68
42,2017,4,50,1
42,2018,12,112,13
43,1973,7,0,0
43,1976,2,0,1
43,1977,6,0,0
43,1978,8,0,2
43,1979,47,6,3
43,1980,41,6,11
43,1981,33,19,2
43,1982,21,2,2
43,1983,96,15,23
43,1984,548,37,158
43,1985,227,30,148
43,1986,243,22,128
43,1987,173,9,29
43,1988,185,19,81
43,1989,145,19,20
43,1990,160,8,38
43,1991,127,16,30
43,1992,113,12,13
43,1994,10,0,3
43,1995,15,1,5
43,1996,8,2,4
43,1997,6,0,10
43,1998,1,0,0
43,1999,3,0,0
43,2000,2,0,0
43,2001,3,0,0
43,2002,1,0,1
43,2003,2,0,0
43,2006,1,0,1
43,2007,8,0,0
43,2008,4,0,0
43,2009,8,0,1
43,2010,5,0,1
43,2011,6,0,1
43,2012,2,0,0
43,2013,5,2,1
43,2014,17,1,26
43,2015,1,0,0
43,2016,14,2,2
43,2017,12,0,2
43,2018,45,0,6
44,1989,3,20,12
44,1990,1,2,10
44,1991,1,0,0
44,1992,5,9,20
44,1994,10,18,96
44,1995,8,6,198
44,1996,61,19,103
44,1997,18,37,104
44,1998,2,50,150
44,1999,2,5,50
44,2000,4,1,2
44,2001,12,7,37
44,2002,2,1,18
44,2003,3,1,16
44,2004,2,4,5
44,2005,1,12,2
44,2008,20,39,150
44,2009,7,186,56
44,2010,1,7,14
44,2011,4,19,32
44,2012,4,27,38
44,2013,12,60,71
44,2014,37,322,478
44,2015,17,123,83
44,2016,5,13,18
44,2017,6,16,76
44,2018,1,2,2
45,1970,1,0,0
45,1972,2,1,0
45,1973,4,0,0
45,1975,8,7,0
45,1976,21,10,13
45,1977,67,27,29
45,1978,145,58,20
45,1979,136,153,54
45,1980,133,71,32
45,1981,155,313,44
45,1982,205,338,94
45,1983,226,427,70
45,1984,222,461,291
45,1985,366,866,351
45,1986,291,748,91
45,1987,320,573,251
45,1988,399,994,410
45,1989,477,699,507
45,1990,332,670,722
45,1991,391,713,407
45,1992,498,580,449
45,1994,128,151,57
45,1995,113,501,299
45,1996,364,577,476
45,1997,538,1151,609
45,1998,72,317,176
45,1999,111,253,246
45,2000,130,426,181
45,2001,199,537,435
45,2002,143,336,644
45,2003,97,184,557
45,2004,37,83,213
45,2005,42,145,106
45,2006,43,79,94
45,2007,30,64,103
45,2008,133,85,238
45,2009,139,107,226
45,2010,136,56,141
45,2011,94,43,85
45,2012,111,168,456
45,2013,146,134,262
45,2014,230,142,314
45,2015,134,103,138
45,2016,109,52,71
45,2017,112,84,118
45,2018,204,130,186
46,1992,1,1,0
46,1994,1,0,0
46,1997,3,0,2
46,2018,2,0,1
47,1990,1,0,0
47,1994,5,7,4
47,1996,1,0,0
47,1997,2,2,2
47,1999,3,107,0
47,2001,1,0,0
47,2002,3,17,42
47,2003,1,11,0
47,2013,1,2,5
47,2016,15,31,1
49,1971,1,0,0
49,1976,12,0,6
49,1977,5,0,0
49,1978,2,0,0
49,1979,2,3,0
49,1980,3,0,1
49,1981,10,4,5
49,1982,6,4,10
49,1983,3,0,0
49,1984,2,0,0
49,1985,5,0,0
49,1986,1,0,3
49,1987,3,0,0
49,1988,2,0,6
49,1989,1,1,2
49,1990,1,0,0
49,1991,2,0,0
49,1992,2,0,0
49,1994,1,1,0
49,1996,1,1,4
49,1997,1,2,1
49,2001,1,1,0
50,1991,25,237,35
50,1992,4,2,20
50,1994,4,3,0
50,1995,1,1,2
50,1996,3,0,1
50,1997,8,2,2
50,2000,2,3,8
50,2001,3,0,0
50,2005,1,0,1
50,2008,2,0,0
50,2009,1,0,3
50,2013,2,0,1
51,1991,1,0,0
51,1992,4,3,1
51,1994,7,3,5
51,1996,1,0,0
51,1997,14,1,3
51,2007,1,1,0
53,1973,3,1,1
53,1975,2,0,1
53,1977,1,0,0
53,1978,2,16,1
53,1979,5,2,0
53,1980,1,3,0
53,1981,3,0,6
53,1982,1,0,0
53,1983,2,0,1
53,1984,7,6,5
53,1985,7,3,0
53,1986,2,1,2
53,1987,10,1,2
53,1988,5,6,15
53,1989,6,1,1
53,1990,10,0,2
53,1991,11,0,0
53,1992,6,0,0
53,1994,5,2,0
53,1995,2,0,0
53,1996,10,3,3
53,1998,1,0,0
53,2000,2,0,0
53,2001,1,0,0
53,2004,1,0,0
53,2007,1,0,0
53,2012,1,0,0
53,2013,9,0,0
53,2014,5,0,0
53,2015,3,0,0
53,2016,2,0,0
54,1994,1,0,0
54,1995,3,1,0
54,1996,3,2,3
54,1997,4,1,0
54,2001,1,0,0
54,2003,1,0,0
54,2008,2,0,20
54,2009,1,0,4
54,2011,1,0,0
54,2013,1,1,0
54,2014,5,1,1
54,2015,4,0,0
54,2016,2,0,1
54,2017,3,0,0
55,1979,3,0,2
55,1980,1,0,0
55,1981,6,0,6
55,1985,4,1,10
55,1986,2,0,0
55,1987,2,0,0
55,1988,1,0,0
55,1989,1,0,0
55,1991,1,0,0
55,1992,4,1,0
55,1995,6,0,0
55,1999,1,0,0
55,2008,1,0,2
55,2010,1,0,1
55,2013,1,0,0
55,2015,5,2,6
55,2016,1,1,3
55,2018,1,0,0
56,1977,1,1,1
56,1987,1,10,40
56,1988,2,0,0
56,1990,1,1,14
56,1991,1,8,26
56,1992,6,228,21
56,1994,2,6,15
56,1995,2,0,4
56,1997,1,11,16
56,2004,1,0,7
56,2014,1,5,15
56,2015,1,0,0
56,2017,1,0,0
57,1981,2,3,10
57,1997,1,0,0
58,1970,2,1,0
58,1971,3,0,0
58,1973,3,0,0
58,1974,2,0,0
58,1978,1,3,0
58,1979,2,1,1
58,1980,1,1,2
58,1982,2,5,3
58,1987,15,7,4
58,1988,2,0,4
58,1989,11,1,2
58,1990,2,3,3
58,1991,8,1,0
58,1992,11,1,10
58,1994,6,2,17
58,1996,3,3,11
58,1997,12,3,30
58,2013,1,0,0
58,2014,1,0,35
58,2017,1,2,1
59,1973,1,0,0
59,1974,3,0,2
59,1976,2,1,1
59,1977,7,1,0
59,1978,11,2,9
59,1979,2,0,0
59,1980,2,2,6
59,1981,2,2,2
59,1982,3,1,1
59,1983,10,0,0
59,1984,21,1,2
59,1985,12,4,2
59,1986,8,13,0
59,1987,6,0,1
59,1988,9,4,7
59,1989,13,7,0
59,1990,8,3,6
59,1991,16,0,0
59,1992,23,2,6
59,1994,6,0,2
59,1995,6,4,2
59,1996,4,2,2
59,1997,3,1,0
59,1998,3,0,1
59,1999,2,0,0
59,2000,4,0,1
59,2001,5,0,0
59,2002,2,0,3
59,2003,4,0,4
59,2004,2,0,0
59,2008,2,0,3
59,2009,1,0,0
59,2011,1,0,0
59,2012,1,0,0
59,2013,2,1,0
59,2015,1,0,0
59,2016,6,1,14
59,2017,3,0,0
59,2018,10,9,40
60,1970,1,0,2
60,1971,1,1,0
60,1972,1,0,0
60,1977,1,1,0
60,1978,2,2,0
60,1979,1,1,4
60,1980,5,1,10
60,1981,9,67,89
60,1982,1,0,3
60,1985,2,2,2
60,1986,4,12,21
60,1987,7,1,12
60,1988,9,1,17
60,1989,7,1,1
60,1990,13,21,32
60,1991,9,8,8
60,1992,76,45,114
60,1994,104,129,104
60,1995,101,133,134
60,1996,51,97,63
60,1997,22,165,47
60,1998,3,9,15
60,1999,1,1,1
60,2004,3,37,171
60,2005,2,92,117
60,2006,5,19,100
60,2008,1,0,0
60,2009,2,1,25
60,2010,2,0,0
60,2011,18,28,109
60,2012,49,44,87
60,2013,316,242,621
60,2014,350,342,548
60,2015,644,829,1046
60,2016,376,609,633
60,2017,225,878,627
60,2018,54,98,118
61,1972,2,0,0
61,1973,1,0,0
61,1974,3,0,3
61,1975,3,2,0
61,1976,13,3,1
61,1977,6,4,0
61,1978,86,30,33
61,1979,310,228,93
61,1980,676,2334,277
61,1981,634,1512,345
61,1982,494,1501,184
61,1983,349,1590,438
61,1984,238,1064,419
61,1985,384,921,252
61,1986,160,283,151
61,1987,186,421,297
61,1988,324,332,354
61,1989,338,339,561
61,1990,144,291,218
61,1991,428,393,909
61,1992,28,22,30
61,1994,13,15,21
61,1995,9,3,16
61,1996,7,26,59
61,1997,2,1,9
62,2009,1,1,3
63,1995,1,0,0
63,1996,1,6,0
63,2007,1,0,0
63,2009,1,2,8
63,2010,1,17,20
63,2011,1,17,5
64,1992,2,0,1
64,1994,2,0,0
64,1995,2,0,0
64,1996,1,1,10
64,1999,1,0,0
64,2001,1,1,0
64,2011,1,1,0
64,2015,2,0,0
65,1971,1,0,0
65,1973,1,0,0
65,1974,2,2,0
65,1975,3,0,0
65,1976,2,0,0
65,1977,4,5,0
65,1978,1,25,0
65,1979,2,0,0
65,1983,1,0,0
65,1984,1,200,200
65,1985,1,0,0
65,1986,1,40,0
65,1987,1,0,0
65,1988,1,0,0
65,1989,1,1,0
65,1990,10,17,0
65,1991,5,161,0
65,1992,9,203,322
65,1994,2,6,1
65,1995,5,5,4
65,1996,7,133,27
65,1997,6,8,135
65,1999,2,2,2
65,2000,1,3,0
65,2002,3,1,37
65,2003,1,2,9
65,2004,2,1,16
65,2005,5,9,37
65,2006,11,12,56
65,2007,5,204,52
65,2008,8,27,82
65,2009,2,13,0
65,2010,2,8,20
65,2011,3,2,3
65,2012,3,25,8
65,2013,5,17,0
65,2014,2,9,6
65,2015,7,48,43
65,2016,13,279,83
65,2017,26,67,53
65,2018,10,25,185
66,1983,1,0,0
67,1987,3,0,1
67,1989,2,0,0
67,1991,3,0,0
67,1992,1,1,0
67,1999,3,0,0
67,2000,4,7,17
67,2001,1,0,0
68,1986,1,0,1
68,1992,1,0,0
68,1994,1,0,0
68,1995,1,0,1
68,2007,1,9,13
68,2008,1,0,1
68,2015,9,0,1
68,2016,3,0,0
68,2017,2,2,10
68,2018,1,0,0
69,1972,11,1,0
69,1973,14,5,20
69,1974,29,3,41
69,1975,39,3,25
69,1976,57,7,10
69,1977,51,3,7
69,1978,57,21,17
69,1979,211,11,41
69,1980,94,20,74
69,1981,66,8,78
69,1982,62,17,144
69,1983,121,20,186
69,1984,145,15,57
69,1985,106,17,83
69,1986,95,25,306
69,1987,87,5,8
69,1988,54,6,19
69,1989,25,3,2
69,1990,30,3,3
69,1991,131,6,5
69,1992,126,9,12
69,1994,89,6,22
69,1995,71,19,177
69,1996,270,18,114
69,1997,122,0,4
69,1998,12,1,0
69,1999,46,0,2
69,2000,28,4,1
69,2001,21,0,16
69,2002,32,0,4
69,2003,34,0,21
69,2004,11,0,10
69,2005,33,0,11
69,2006,34,1,3
69,2007,16,3,8
69,2008,13,0,1
69,2009,9,0,11
69,2010,3,0,0
69,2011,8,0,4
69,2012,66,8,8
69,2013,18,0,5
69,2014,14,1,15
69,2015,37,162,443
69,2016,26,95,470
69,2017,41,7,28
69,2018,13,13,34
70,1983,3,1,0
70,1996,2,0,1
70,1997,2,0,12
71,1995,3,0,13
72,1979,1,2,0
72,1996,1,0,1
72,1997,1,4,0
72,2017,4,0,2
73,1994,1,13,0
73,1995,1,0,0
73,2000,1,0,2
74,1991,3,2,8
74,1992,38,109,50
74,1994,15,27,43
74,1995,17,14,23
74,1996,3,2,10
74,1997,6,35,3
74,1998,12,32,47
74,1999,7,5,26
74,2000,7,3,5
74,2001,4,6,9
74,2002,2,1,15
74,2003,6,0,1
74,2004,3,0,1
74,2005,6,8,32
74,2006,3,5,4
74,2008,33,13,62
74,2009,25,5,21
74,2010,7,4,14
74,2011,3,1,1
74,2012,3,1,2
74,2013,2,2,0
74,2014,2,0,1
74,2015,1,0,0
74,2016,4,1,7
74,2017,1,0,5
74,2018,1,1,0
75,1990,1,0,0
75,1991,64,10,35
75,1992,154,17,217
75,1994,69,2,40
75,1995,132,10,26
75,1996,52,1,5
75,1997,12,0,27
75,1998,3,0,0
75,1999,12,3,47
75,2000,8,1,29
75,2001,8,3,6
75,2002,3,0,2
75,2003,2,0,0
75,2004,3,1,25
75,2005,3,2,0
75,2006,4,2,0
75,2007,3,1,1
75,2008,3,0,2
75,2009,4,0,0
75,2010,1,0,0
75,2011,8,2,2
75,2012,5,0,0
75,2014,13,0,0
75,2015,66,1,48
75,2016,44,27,117
75,2017,27,1,10
75,2018,22,0,8
76,1987,1,0,0
76,1992,7,0,1
76,1994,3,6,0
76,1996,2,3,0
76,1997,1,1,3
76,2014,1,0,3
76,2016,1,0,0
76,2018,2,2,5
78,1970,3,2,0
78,1971,1,0,0
78,1972,2,0,0
78,1973,11,5,55
78,1974,6,92,0
78,1975,4,1,0
78,1976,20,14,1
78,1977,46,0,1
78,1978,39,0,4
78,1979,9,1,5
78,1980,15,5,2
78,1981,19,2,71
78,1982,19,2,0
78,1983,11,4,6
78,1984,28,5,89
78,1985,35,64,170
78,1986,41,6,14
78,1987,26,2,37
78,1988,38,14,104
78,1989,49,3,5
78,1990,55,2,10
78,1991,57,15,23
78,1992,35,2,34
78,1994,40,2,18
78,1995,7,0,0
78,1996,20,0,3
78,1997,21,1,3
78,1998,28,0,2
78,1999,35,1,4
78,2000,28,1,0
78,2001,14,0,3
78,2002,11,0,2
78,2003,12,0,2
78,2004,4,0,3
78,2005,6,0,5
78,2006,23,0,2
78,2007,15,0,3
78,2008,53,0,3
78,2009,115,1,10
78,2010,49,4,5
78,2011,10,0,5
78,2012,23,1,3
78,2013,54,3,7
78,2014,26,0,4
78,2015,31,1,2
78,2016,30,0,2
78,2017,44,0,7
78,2018,27,3,15
80,1980,3,8,20
80,1983,1,0,1
81,1980,9,1,2
81,1981,1,0,0
81,1983,11,0,20
81,1984,9,4,5
81,1985,6,2,17
81,1986,1,0,0
81,1988,1,0,0
81,1991,1,1,0
83,1970,3,2,0
83,1974,1,0,0
83,1975,5,23,1
83,1976,10,8,8
83,1977,7,5,0
83,1978,26,35,18
83,1979,58,53,19
83,1980,269,509,140
83,1981,392,1361,275
83,1982,347,1522,152
83,1983,116,528,176
83,1984,71,170,34
83,1985,59,124,17
83,1986,28,54,14
83,1987,55,207,38
83,1988,27,127,35
83,1989,73,41,70
83,1990,79,63,14
83,1991,76,67,22
83,1992,45,19,52
83,1994,51,17,33
83,1995,64,39,10
83,1996,24,13,3
83,1997,24,22,19
83,1999,1,3,0
83,2000,1,2,0
83,2001,2,1,1
83,2003,3,1,5
83,2004,2,3,0
83,2006,4,5,0
83,2012,1,2,1
83,2013,5,4,3
83,2018,2,0,12
84,1980,2,1,1
84,1992,2,0,0
84,1994,1,2,20
84,1996,1,2,0
84,2000,12,206,32
84,2005,1,0,0
84,2013,2,0,0
84,2015,2,1,4
84,2016,1,1,0
84,2018,2,1,1
85,2001,1,0,0
85,2003,1,1,0
85,2005,4,3,15
85,2006,1,11,12
85,2009,1,1,0
85,2012,1,1,0
86,1978,1,5,0
86,1979,2,1,0
86,1980,1,1,1
86,1981,1,1,0
86,1990,5,0,3
86,1992,4,0,1
86,1997,1,0,0
86,1998,2,0,1
86,2001,1,0,0
86,2002,1,4,6
86,2003,1,0,0
86,2006,2,6,0
86,2008,3,23,12
86,2016,1,0,0
87,1973,1,0,0
87,1974,2,0,0
87,1983,6,5,9
87,1987,10,4,6
87,1988,6,3,0
87,1989,3,0,9
87,1990,3,13,106
87,1991,17,137,1
87,1992,27,18,7
87,1994,27,87,50
87,1995,33,16,39
87,1996,27,14,7
87,1997,16,9,11
87,1998,1,0,0
87,1999,5,3,3
87,2000,9,5,15
87,2001,5,0,2
87,2002,2,0,1
87,2003,5,4,1
87,2004,2,7,30
87,2005,1,1,0
87,2006,1,2,1
87,2007,2,1,1
87,2016,1,7,0
87,2018,5,0,1
88,1973,1,0,0
88,1979,6,1,12
88,1980,15,6,8
88,1981,17,7,14
88,1982,34,24,12
88,1983,29,75,6
88,1984,12,5,1
88,1985,9,7,8
88,1986,8,10,4
88,1987,19,21,12
88,1988,21,32,11
88,1989,29,9,22
88,1990,13,3,13
88,1991,21,18,21
88,1992,12,5,5
88,1994,6,10,26
88,1995,12,8,2
88,1996,18,11,29
88,1997,21,6,18
88,2002,1,0,0
88,2004,1,28,14
88,2009,8,2,1
88,2011,1,2,0
88,2013,2,5,0
88,2014,1,0,1
88,2016,1,2,0
88,2017,1,2,0
89,1980,1,0,2
89,1981,3,0,25
89,1989,1,0,0
89,1990,1,0,0
89,1991,1,0,2
89,1992,6,1,0
89,1994,3,3,4
89,1995,1,0,0
89,1996,3,0,5
89,2000,2,0,17
89,2001,1,0,0
89,2005,1,0,1
89,2008,1,0,46
90,1989,1,0,0
90,1991,3,0,3
90,1992,1,0,1
90,1994,2,0,0
90,1996,13,0,8
90,1997,17,3,2
90,1998,2,0,0
90,2001,1,1,1
90,2008,2,0,0
90,2009,1,2,0
90,2014,1,0,0
90,2015,1,0,0
90,2016,1,0,2
91,1983,1,0,0
91,1986,1,0,0
91,2012,1,0,0
91,2014,1,0,0
92,1972,1,0,0
92,1975,1,4,0
92,1976,1,0,0
92,1977,1,0,0
92,1979,19,30,19
92,1980,9,16,13
92,1981,15,24,12
92,1982,13,64,102
92,1983,47,59,217
92,1984,151,190,315
92,1985,35,50,78
92,1986,95,338,163
92,1987,160,491,424
92,1988,324,844,1011
92,1989,296,772,710
92,1990,335,873,1035
92,1991,329,1055,1300
92,1992,225,1076,849
92,1994,91,326,317
92,1995,171,324,571
92,1996,212,562,951
92,1997,176,673,1315
92,1998,61,398,411
92,1999,111,468,591
92,2000,180,671,761
92,2001,234,660,1144
92,2002,183,598,1186
92,2003,196,472,1183
92,2004,108,334,949
92,2005,146,466,1216
92,2006,166,721,2138
92,2007,149,626,1187
92,2008,534,824,1759
92,2009,672,774,854
92,2010,663,812,660
92,2011,645,499,730
92,2012,613,264,651
92,2013,694,467,771
92,2014,859,490,776
92,2015,884,387,654
92,2016,1024,467,788
92,2017,965,465,703
92,2018,887,412,649
93,1977,1,1,1
93,1978,2,0,1
93,1981,1,4,0
93,1984,2,2,0
93,1985,1,7,14
93,1986,3,0,2
93,1989,2,85,27
93,1990,3,12,0
93,1991,6,21,0
93,1992,3,33,0
93,1994,5,1,6
93,1995,24,41,51
93,1996,64,30,188
93,1997,23,95,91
93,1998,3,9,5
93,1999,56,62,79
93,2000,99,144,336
93,2001,106,134,190
93,2002,42,243,535
93,2003,18,26,166
93,2004,16,41,236
93,2005,15,66,171
93,2006,10,6,6
93,2007,2,0,1
93,2008,13,0,0
93,2009,19,15,62
93,2010,4,0,6
93,2011,21,20,70
93,2012,39,15,20
93,2013,32,23,16
93,2014,35,20,30
93,2015,29,22,17
93,2016,19,22,35
93,2017,27,20,27
93,2018,43,71,105
94,1970,5,0,1
94,1971,11,4,0
94,1972,15,1,3
94,1973,4,1,0
94,1974,11,1,0
94,1975,13,8,0
94,1976,3,4,0
94,1977,5,2,1
94,1978,27,447,60
94,1979,79,56,251
94,1980,66,55,381
94,1981,100,214,262
94,1982,24,135,985
94,1983,10,0,6
94,1984,13,29,355
94,1985,3,22,52
94,1986,6,39,144
94,1987,1,0,0
94,1988,6,18,7
94,1989,6,14,0
94,1990,11,10,2
94,1991,8,2,0
94,1992,16,9,5
94,1994,31,71,324
94,1995,8,0,11
94,1996,2,2,2
94,1998,5,6,6
94,1999,8,4,16
94,2000,14,5,29
94,2001,4,0,0
94,2003,2,0,0
94,2005,5,13,191
94,2006,13,48,41
94,2007,8,24,5
94,2008,8,26,220
94,2009,15,97,83
94,2010,14,115,450
94,2011,12,17,13
94,2012,5,12,11
94,2013,10,38,17
94,2014,9,13,5
94,2015,9,38,11
94,2016,10,12,8
94,2017,11,39,67
94,2018,13,66,125
95,1975,1,0,1
95,1976,2,12,285
95,1979,1,1,0
95,1980,6,8,9
95,1981,3,0,0
95,1982,4,96,138
95,1983,3,1,0
95,1984,1,0,1
95,1987,3,0,4
95,1988,3,3,4
95,1989,3,0,25
95,1991,3,1,2
95,1992,28,51,64
95,1994,15,73,191
95,1995,14,143,242
95,1996,11,10,14
95,1997,17,80,23
95,1998,7,19,16
95,1999,9,13,71
95,2000,8,8,19
95,2001,3,9,30
95,2002,5,10,4
95,2003,98,384,1428
95,2004,306,2142,4206
95,2005,599,3342,6008
95,2006,826,4582,8223
95,2007,1040,6658,13262
95,2008,1106,2864,6709
95,2009,1137,2585,9389
95,2010,1179,2074,6917
95,2011,1308,1870,5041
95,2012,1436,2686,6991
95,2013,2823,6995,15673
95,2014,3917,13888,16717
95,2015,2742,8878,13317
95,2016,3380,12260,14355
95,2017,2498,6564,5008
95,2018,1351,1419,2017
96,1970,1,1,0
96,1971,1,1,0
96,1972,5,6,0
96,1973,3,4,0
96,1974,3,34,0
96,1975,7,7,0
96,1976,5,5,0
96,1977,3,2,0
96,1978,3,1,0
96,1979,7,8,0
96,1980,6,3,0
96,1981,5,2,0
96,1982,4,2,1
96,1983,4,5,0
96,1984,1,1,0
96,1985,2,2,0
96,1986,2,0,0
96,1987,24,6,0
96,1989,3,3,0
96,1990,2,0,0
96,1991,16,3,0
96,1992,6,0,0
96,1994,4,2,2
96,1995,3,1,1
96,1996,1,1,0
96,1997,4,0,0
96,1998,3,1,2
96,1999,3,0,1
96,2001,2,0,2
96,2003,1,0,0
96,2006,1,1,0
96,2007,1,0,0
96,2008,5,0,0
96,2010,4,0,8
96,2011,4,1,0
96,2012,29,0,0
96,2013,27,0,2
96,2014,33,0,1
96,2015,28,0,0
96,2016,15,2,3
96,2017,17,0,0
96,2018,5,0,1
97,1971,1,1,11
97,1972,15,26,72
97,1973,1,2,18
97,1974,12,78,145
97,1975,2,24,62
97,1976,2,1,39
97,1977,6,5,24
97,1978,23,52,259
97,1979,127,58,329
97,1980,71,12,78
97,1981,31,3,19
97,1982,49,0,12
97,1983,25,16,72
97,1984,19,4,81
97,1985,19,12,38
97,1986,47,8,144
97,1987,20,11,45
97,1988,31,6,43
97,1989,73,35,72
97,1990,76,40,184
97,1991,47,22,31
97,1992,53,24,75
97,1994,34,51,164
97,1995,12,17,147
97,1996,18,70,224
97,1997,12,31,448
97,1998,12,17,120
97,1999,8,6,53
97,2000,12,9,118
97,2001,70,135,870
97,2002,72,333,1518
97,2003,34,150,563
97,2004,18,57,232
97,2005,27,40,240
97,2006,77,44,148
97,2007,46,10,10
97,2008,124,31,234
97,2009,36,1,40
97,2010,14,4,17
97,2011,51,21,77
97,2012,62,14,81
97,2013,37,2,8
97,2014,290,49,152
97,2015,57,20,118
97,2016,50,16,175
97,2017,34,4,16
97,2018,63,8,47
98,1970,3,0,0
98,1971,3,0,0
98,1972,4,1,4
98,1973,15,62,51
98,1974,22,23,150
98,1975,7,0,0
98,1976,171,9,38
98,1977,308,25,57
98,1978,271,26,44
98,1979,208,24,138
98,1980,110,134,265
98,1981,69,24,38
98,1982,23,12,59
98,1983,7,2,3
98,1984,14,23,116
98,1985,11,19,157
98,1986,7,1,1
98,1987,14,3,0
98,1988,29,6,19
98,1989,14,0,1
98,1990,6,0,0
98,1991,31,0,6
98,1992,37,17,23
98,1994,16,2,7
98,1995,1,0,1
98,1996,8,0,1
98,1997,8,0,0
98,1998,6,0,14
98,1999,7,1,0
98,2000,8,0,3
98,2001,11,0,4
98,2002,6,1,0
98,2003,14,0,1
98,2004,3,1,0
98,2005,6,1,7
98,2006,4,0,2
98,2008,2,0,0
98,2009,4,0,2
98,2010,10,0,3
98,2011,5,2,5
98,2012,10,0,1
98,2013,7,0,4
98,2014,7,0,3
98,2015,5,0,1
98,2016,11,1,1
98,2017,8,0,8
98,2018,14,0,8
99,1992,3,1,0
99,1994,1,4,0
99,1995,6,39,5
99,1996,1,0,0
99,1997,1,0,0
99,2000,2,4,6
99,2001,1,12,0
99,2002,1,3,0
99,2004,1,12,0
99,2005,1,41,64
99,2006,3,20,12
99,2007,1,0,2
99,2010,7,10,13
99,2011,3,23,3
99,2012,16,45,11
99,2013,3,3,0
99,2014,1,4,0
99,2015,4,14,10
99,2016,1,22,33
99,2017,13,3,2
99,2018,2,2,0
100,1974,2,0,0
100,1976,1,0,0
100,1979,2,4,0
100,1980,6,11,1
100,1986,1,3,0
100,1991,1,0,0
100,1992,6,5,0
100,1994,2,2,0
100,1995,1,1,1
100,1996,1,1,0
100,1997,7,10,31
100,2007,1,0,1
100,2014,1,0,1
100,2017,2,0,0
101,1970,2,0,0
101,1973,2,0,0
101,1974,3,0,7
101,1975,10,0,2
101,1976,1,2,0
101,1977,4,0,0
101,1978,35,4,53
101,1979,15,2,2
101,1981,1,0,0
101,1982,2,0,0
101,1983,12,2,1
101,1984,15,0,11
101,1985,10,2,7
101,1986,10,3,1
101,1987,10,1,3
101,1988,16,0,26
101,1989,13,2,1
101,1990,92,2,125
101,1991,19,1,1
101,1992,37,0,0
101,1994,8,7,504
101,1995,20,15,6225
101,1996,8,0,2
101,1997,5,0,0
101,1998,1,0,1
101,1999,2,0,0
101,2000,13,0,0
101,2001,3,0,0
101,2002,2,0,0
101,2003,2,0,0
101,2008,3,0,0
101,2009,1,0,0
101,2013,1,0,0
101,2014,5,0,0
101,2015,10,0,0
101,2016,1,19,26
101,2018,1,0,0
102,1970,9,1,1
102,1971,2,0,0
102,1972,7,2,0
102,1973,1,0,0
102,1976,1,9,5
102,1980,1,1,0
102,1981,2,0,2
102,1982,1,0,6
102,1983,7,0,1
102,1984,5,1,4
102,1988,1,0,0
102,1990,3,0,5
102,1991,9,1,4
102,1992,2,1,0
102,1994,3,0,3
102,1995,2,0,1
102,1996,2,0,1
102,1997,3,0,4
102,1998,1,0,0
102,1999,2,0,1
102,2000,2,0,2
102,2001,2,1,0
102,2002,2,3,0
102,2005,4,62,101
102,2006,1,1,6
102,2010,2,1,4
102,2012,2,1,16
102,2013,1,0,0
102,2014,3,1,7
102,2015,3,7,11
102,2016,10,35,65
102,2017,8,4,1
102,2018,2,3,5
103,1992,5,9,1
103,1997,2,2,0
103,2000,1,2,0
103,2001,1,0,1
103,2008,1,2,2
103,2011,5,12,2
103,2012,4,2,3
103,2013,4,0,1
103,2016,3,10,11
104,1975,4,27,100
104,1976,2,0,0
104,1978,1,4,0
104,1980,1,15,85
104,1989,4,4,5
104,1991,4,0,0
104,1992,28,66,61
104,1994,5,40,1
104,1995,4,2,2
104,1996,2,2,0
104,1997,15,32,17
104,1998,2,226,4000
104,2000,4,26,5
104,2001,7,13,8
104,2002,2,16,0
104,2003,2,3,0
104,2005,2,56,0
104,2006,2,18,6
104,2007,9,27,47
104,2008,10,92,3
104,2009,1,0,0
104,2010,11,18,159
104,2011,40,41,112
104,2012,77,98,399
104,2013,79,207,444
104,2014,115,315,408
104,2015,68,262,203
104,2016,65,72,69
104,2017,97,126,110
104,2018,52,74,77
106,1974,1,0,0
106,1975,1,0,0
106,1976,1,0,0
106,1978,1,1,0
106,1980,3,0,0
106,1981,3,2,0
106,1982,1,0,1
106,1983,3,1,13
106,1984,1,4,2
106,1985,2,11,18
106,1987,9,1,0
106,1988,4,2,1
106,1991,5,1,1
106,1992,14,2,11
106,2001,2,2,1
106,2002,1,4,0
106,2003,3,1,18
106,2005,1,0,0
106,2011,1,0,0
106,2015,1,28,227
106,2016,1,1,0
107,1996,5,0,0
107,1999,2,1,2
107,2000,4,2,4
107,2001,1,0,0
107,2002,2,2,1
107,2003,1,1,0
107,2005,2,0,0
107,2006,3,1,2
107,2007,1,0,1
107,2010,1,0,4
107,2011,1,0,0
107,2014,2,1,1
107,2015,3,1,1
107,2016,4,1,5
107,2017,3,1,0
107,2018,1,0,0
108,1989,1,2,0
108,1990,1,0,0
108,1992,3,1,0
108,1994,1,2,1
108,1996,1,5,1
108,2000,7,1,37
108,2001,1,0,9
108,2003,2,10,0
108,2015,2,0,0
108,2016,4,3,15
108,2017,1,1,0
109,1992,2,0,1
109,1994,2,1,0
109,1995,1,0,0
109,1997,2,0,0
109,1998,4,0,0
109,1999,1,0,0
109,2000,3,1,34
109,2007,1,0,1
109,2017,1,0,0
110,1970,1,0,0
110,1971,1,0,0
110,1972,3,0,0
110,1973,11,4,0
110,1974,11,0,10
110,1975,15,28,29
110,1976,4,4,1
110,1977,4,3,1
110,1978,11,107,173
110,1979,35,30,93
110,1980,83,90,265
110,1981,77,226,669
110,1982,111,232,452
110,1983,209,597,946
110,1984,153,58,240
110,1985,88,626,1436
110,1986,96,239,1010
110,1987,88,159,334
110,1988,120,171,580
110,1989,137,110,362
110,1990,82,113,190
110,1991,89,98,385
110,1992,84,65,106
110,1994,37,21,40
110,1995,35,34,65
110,1996,34,49,51
110,1997,42,26,38
110,1998,22,17,46
110,1999,37,21,48
110,2000,11,11,12
110,2001,5,0,3
110,2002,8,2,4
110,2003,5,3,1
110,2004,1,1,2
110,2005,17,22,58
110,2006,7,16,7
110,2007,18,40,148
110,2008,56,142,485
110,2009,14,17,21
110,2010,5,2,6
110,2011,10,1,23
110,2012,15,9,92
110,2013,121,190,1048
110,2014,205,135,532
110,2015,44,111,347
110,2016,41,25,74
110,2017,23,17,49
110,2018,6,2,1
111,1979,2,0,0
111,1981,4,0,5
111,1983,12,30,8
111,1988,1,4,11
111,1994,3,0,0
111,2006,1,0,1
111,2009,1,0,0
111,2015,1,1,2
112,1990,4,2,0
112,1991,1,0,0
112,1992,9,36,27
112,1994,3,110,0
112,1996,1,10,0
112,1999,2,0,0
112,2000,1,0,8
112,2001,3,1,0
112,2002,3,3,0
112,2003,2,2,0
112,2008,1,12,0
112,2012,1,0,0
112,2014,1,0,0
112,2017,1,0,0
113,1979,3,0,1
113,1980,2,0,0
113,1984,3,15,1
113,1992,1,0,0
113,1995,1,0,0
113,1996,4,12,0
113,2007,1,0,0
113,2008,1,0,0
113,2011,1,0,2
113,2012,56,32,37
113,2013,288,215,615
113,2014,725,686,897
113,2015,530,679,833
113,2016,417,632,744
113,2017,191,290,173
113,2018,165,244,375
115,1991,1,0,1
115,1992,1,0,0
115,1995,2,0,0
115,1996,3,0,1
115,1997,1,1,0
115,2018,1,0,0
116,1983,1,0,0
116,1985,8,0,1
116,1994,3,0,0
117,1995,1,0,0
117,1996,10,0,17
117,1997,16,1,14
117,1998,6,0,15
118,1994,1,0,0
118,1995,1,1,6
118,1997,2,0,0
118,1998,5,0,0
118,1999,2,0,0
118,2000,3,3,0
118,2001,66,35,29
118,2002,8,3,4
118,2003,5,0,1
118,2006,3,0,0
118,2007,1,0,1
118,2008,8,2,11
118,2009,1,0,1
118,2012,1,5,0
118,2014,3,0,5
118,2015,4,0,2
118,2017,1,0,0
119,1991,1,4,0
119,1992,7,16,58
119,1995,3,4,0
119,1996,2,1,1
119,1997,1,0,1
119,2002,5,0,0
119,2006,1,0,0
119,2009,1,2,0
119,2011,1,0,0
119,2012,1,0,3
119,2013,2,0,0
119,2014,1,1,31
119,2016,1,3,91
120,1992,3,32,0
120,2002,1,1,0
120,2017,1,0,0
120,2018,2,0,1
121,1973,1,0,8
121,1975,3,0,3
121,1977,2,100,1
121,1979,1,5,0
121,1983,1,0,0
121,1986,15,20,54
121,1988,4,9,2
121,1989,2,0,8
121,1990,3,0,3
121,1991,3,0,1
121,1992,2,0,0
121,2000,3,2,0
121,2001,1,0,2
121,2008,2,0,0
121,2009,1,0,1
121,2012,2,2,1
121,2013,13,2,1
121,2014,12,1,4
121,2015,5,1,1
121,2016,19,6,9
121,2017,4,4,2
121,2018,6,3,2
122,1988,1,19,100
122,2006,1,0,1
122,2007,1,0,12
122,2008,1,0,0
122,2012,1,0,1
122,2013,2,0,0
122,2014,9,0,0
122,2015,2,0,3
122,2016,1,0,3
122,2017,2,1,0
122,2018,2,0,0
123,1990,1,14,1
123,1991,9,40,19
123,1992,3,5,0
123,1994,10,69,45
123,1995,1,2,6
123,1997,3,0,3
123,2007,4,10,0
123,2008,8,55,48
123,2009,6,30,0
123,2010,1,1,0
123,2011,3,2,2
123,2012,18,53,45
123,2013,56,131,138
123,2014,67,123,225
123,2015,116,257,249
123,2016,97,169,192
123,2017,140,354,348
123,2018,161,570,178
124,1984,7,0,0
124,1985,1,0,0
124,1986,1,1,0
124,1987,4,0,11
124,1992,1,1,0
124,1995,2,1,1
124,1997,1,0,0
124,2014,1,0,0
124,2015,1,0,0
124,2017,3,1,0
127,1981,1,0,0
127,1983,5,0,0
127,1984,2,0,0
127,1987,1,0,0
127,1988,1,0,1
127,1992,1,0,0
128,1977,3,4,0
128,1996,1,0,0
128,2004,1,0,0
128,2005,1,23,20
128,2008,2,12,0
128,2009,3,2,4
128,2010,1,1,0
128,2011,3,1,4
128,2018,1,0,2
129,1988,1,0,1
129,1989,1,0,0
130,1970,2,0,0
130,1972,1,0,0
130,1973,6,1,0
130,1974,16,2,0
130,1975,10,32,5
130,1976,20,26,5
130,1977,19,11,15
130,1978,28,7,18
130,1979,10,5,0
130,1980,5,3,0
130,1981,3,0,6
130,1982,3,1,0
130,1983,2,0,2
130,1984,4,13,9
130,1985,1,0,0
130,1986,2,0,0
130,1987,1,0,0
130,1988,3,2,0
130,1989,1,0,0
130,1990,5,3,1
130,1991,10,13,0
130,1992,6,6,2
130,1994,27,30,27
130,1995,29,61,27
130,1996,75,96,211
130,1997,95,229,47
130,1998,2,3,5
130,1999,1,0,2
130,2000,4,5,3
130,2001,7,13,5
130,2003,1,2,1
130,2004,1,0,3
130,2005,1,2,0
130,2006,7,7,34
130,2007,9,25,6
130,2008,8,21,104
130,2009,1,2,3
130,2010,5,0,0
130,2011,2,0,1
130,2012,16,17,8
130,2013,8,47,110
130,2014,5,1,2
130,2015,19,9,10
130,2016,5,4,0
130,2017,20,23,6
130,2018,27,23,32
132,1991,1,0,0
132,1992,11,10,39
132,1994,1,1,0
132,1996,2,0,0
132,1997,1,0,0
132,2000,1,0,0
132,2009,1,0,39
132,2012,1,0,0
132,2016,1,0,0
136,1973,2,0,0
136,1978,1,10,0
136,1979,2,0,34
136,1985,1,0,0
136,1987,4,200,0
136,1991,3,3,0
136,1992,1,2,0
136,1994,1,0,0
136,1995,1,0,1
136,1996,2,0,13
136,2003,5,45,100
136,2007,6,13,26
136,2011,1,17,24
136,2015,1,0,0
136,2018,1,2,0
137,1978,2,2,6
137,1979,5,34,0
137,1981,2,0,0
137,1982,5,0,0
137,1983,4,5,2
137,1984,8,50,83
137,1985,5,8,136
137,1986,7,470,17
137,1987,8,468,164
137,1988,16,145,163
137,1989,63,696,275
137,1990,19,173,126
137,1991,27,232,128
137,1992,17,132,60
137,1994,3,0,0
137,1995,3,15,1
137,1999,1,0,1
137,2000,2,1,1
137,2007,1,6,3
137,2012,1,1,4
137,2013,17,36,70
137,2014,22,22,60
137,2015,8,12,3
137,2016,76,61,64
137,2017,15,24,15
137,2018,63,136,40
138,1976,1,0,0
138,1979,13,70,96
138,1982,2,3,0
138,1983,3,21,50
138,1987,1,0,0
138,1988,20,46,227
138,1989,21,42,70
138,1990,8,71,51
138,1991,19,86,63
138,1992,9,56,49
138,1994,6,16,8
138,1995,10,28,19
138,1996,8,39,50
138,1997,35,16,10
138,1999,3,8,18
138,2001,3,8,5
138,2002,3,5,32
138,2003,9,18,51
138,2004,2,1,3
138,2005,8,21,178
138,2006,2,0,0
138,2007,3,10,5
138,2008,19,13,33
138,2009,11,46,15
138,2010,11,13,84
138,2011,2,0,0
138,2012,17,16,10
138,2013,18,11,29
138,2014,16,17,43
138,2015,36,60,152
138,2016,74,73,58
138,2017,116,218,39
138,2018,38,36,77
139,1975,1,1,0
139,1976,2,3,0
139,1978,7,2,65
139,1979,25,27,33
139,1980,2,2,3
139,1982,1,0,0
139,1983,4,4,0
139,1984,22,24,41
139,1985,7,74,18
139,1986,1,5,23
139,1987,7,2,3
139,1988,16,21,80
139,1989,11,1,7
139,1990,2,0,0
139,1991,1,3,3
139,1994,1,0,0
139,1999,1,13,25
139,2000,18,23,83
139,2001,6,1,9
141,1985,9,6,22
141,1991,1,0,0
141,1992,8,9,46
141,1994,2,4,2
141,1996,5,6,7
141,1997,9,15,8
141,1999,8,23,14
141,2000,23,91,160
141,2001,33,172,59
141,2002,58,486,161
141,2003,15,22,34
141,2004,62,630,397
141,2005,67,199,232
141,2006,83,133,93
141,2007,90,44,59
141,2008,119,50,319
141,2009,39,20,135
141,2010,38,10,42
141,2011,46,16,80
141,2012,45,9,29
141,2013,104,3,88
141,2014,7,0,7
141,2015,45,0,10
141,2016,43,5,15
141,2017,247,4,94
141,2018,99,0,32
142,1970,3,1,0
142,1971,1,0,0
142,1972,1,0,0
142,1973,1,1,1
142,1974,1,0,0
142,1975,3,3,2
142,1976,3,0,0
142,1977,5,9,1
142,1978,2,1,11
142,1979,3,3,0
142,1980,1,0,0
142,1981,1,0,0
142,1982,2,0,1
142,1983,2,0,0
142,1984,1,0,1
142,1985,4,0,0
142,1986,14,0,0
142,1987,1,0,0
142,1988,4,4,6
142,1989,5,0,5
142,1990,6,2,1
142,1991,8,0,0
142,1992,12,0,1
142,1994,2,0,1
142,1995,7,1,2
142,1996,6,0,0
142,1997,1,0,0
142,1999,1,0,0
142,2000,1,0,0
142,2001,1,0,3
142,2002,2,1,0
142,2003,3,0,0
142,2004,1,1,2
142,2008,1,0,0
142,2009,1,7,12
142,2010,1,0,0
142,2011,2,0,0
142,2014,1,0,0
142,2015,3,0,0
142,2016,6,0,4
142,2017,1,0,0
142,2018,6,1,7
143,1984,10,11,1
143,1985,7,0,11
143,1986,2,0,0
143,1988,8,21,10
143,1989,1,2,0
143,1992,2,0,0
143,2017,1,0,0
143,2018,18,0,0
144,1973,1,0,0
144,1981,2,0,0
144,1984,1,1,0
144,1991,1,0,0
144,1994,1,0,0
144,1996,2,0,2
144,1997,1,0,0
144,2001,1,0,0
144,2003,3,0,0
144,2008,5,0,0
144,2014,1,0,0
144,2016,1,0,0
145,1970,1,0,0
145,1974,1,0,0
145,1975,1,11,0
145,1977,5,26,12
145,1978,72,92,88
145,1979,186,172,61
145,1980,30,30,12
145,1981,37,143,17
145,1982,44,200,12
145,1983,216,2023,261
145,1984,225,2541,210
145,1985,185,1056,152
145,1986,128,300,78
145,1987,182,465,264
145,1988,47,173,35
145,1989,15,38,23
145,1990,14,23,8
145,1991,79,49,45
145,1992,27,21,13
145,1994,18,6,7
145,1995,18,6,26
145,1996,24,16,15
145,1997,7,7,5
145,1999,1,0,0
145,2000,1,2,1
145,2014,2,5,28
145,2018,7,9,9
146,1985,1,3,0
146,1989,1,171,0
146,1991,6,8,2
146,1992,16,34,13
146,1994,5,47,0
146,1995,2,22,0
146,1996,1,2,8
146,1997,3,32,5
146,1999,2,4,0
146,2007,7,66,52
146,2008,8,6,6
146,2009,4,18,3
146,2010,3,9,0
146,2011,2,4,6
146,2012,1,1,0
146,2013,4,26,33
146,2014,5,11,9
146,2015,41,666,116
146,2016,25,190,143
146,2017,13,148,72
146,2018,19,75,72
147,1976,1,3,1
147,1980,1,0,0
147,1983,2,1,1
147,1988,2,4,0
147,1991,3,10,34
147,1992,11,135,130
147,1994,7,2,0
147,1995,1,1,0
147,1996,11,24,15
147,1997,19,107,51
147,1998,2,9,0
147,1999,13,134,201
147,2000,5,0,2
147,2001,5,3,3
147,2002,6,28,11
147,2003,7,27,43
147,2004,6,41,6
147,2005,9,19,36
147,2006,32,250,20
147,2007,54,80,39
147,2008,67,62,20
147,2009,42,316,16
147,2010,63,117,191
147,2011,174,446,619
147,2012,613,1504,913
147,2013,345,2015,528
147,2014,714,7781,2283
147,2015,637,5558,2863
147,2016,532,2165,1158
147,2017,485,1806,1031
147,2018,644,2574,1005
149,1994,1,3,4
151,1979,1,0,0
151,1981,1,0,0
151,1987,2,1,9
151,1991,2,0,0
151,1992,2,0,2
151,1994,2,0,0
151,1996,1,0,1
151,2001,1,1,0
151,2003,1,0,0
151,2006,1,0,0
151,2010,1,0,1
151,2011,3,77,75
151,2017,1,0,0
153,1970,1,4,20
153,1974,2,0,2
153,1975,2,1,0
153,1976,3,1,3
153,1978,2,5,2
153,1979,7,6,42
153,1980,1,17,18
153,1981,4,4,4
153,1982,4,3,9
153,1983,9,10,26
153,1984,3,12,49
153,1985,2,0,1
153,1986,22,56,335
153,1987,60,183,1095
153,1988,43,134,258
153,1989,44,54,248
153,1990,87,188,486
153,1991,144,174,542
153,1992,83,152,390
153,1994,142,327,368
153,1995,665,709,601
153,1996,180,423,755
153,1997,205,439,515
153,1998,37,151,349
153,1999,38,122,231
153,2000,48,116,446
153,2001,52,108,265
153,2002,46,105,331
153,2003,29,119,181
153,2004,66,299,671
153,2005,76,151,281
153,2006,163,314,669
153,2007,258,1389,2343
153,2008,566,1181,1898
153,2009,666,1483,3541
153,2010,713,1701,2967
153,2011,1011,1674,2649
153,2012,1653,2784,4265
153,2013,2203,2874,5761
153,2014,2143,2405,3372
153,2015,1241,1608,1842
153,2016,864,1113,1894
153,2017,718,1076,2091
153,2018,480,697,1255
155,1972,1,1,3
155,1976,1,2,0
155,1978,4,6,37
155,1979,22,3,26
155,1980,57,31,70
155,1981,21,6,66
155,1982,54,10,38
155,1983,38,9,22
155,1984,31,5,50
155,1985,3,0,10
155,1986,13,4,21
155,1987,14,3,24
155,1988,21,11,13
155,1989,113,79,33
155,1990,104,73,36
155,1991,94,50,67
155,1992,139,103,213
155,1994,133,50,227
155,1995,67,44,129
155,1996,31,20,33
155,1997,23,9,29
155,1998,14,14,26
155,1999,11,1,12
155,2000,30,21,49
155,2001,132,111,217
155,2002,89,181,263
155,2003,49,66,102
155,2004,35,33,76
155,2005,53,24,55
155,2006,37,21,21
155,2007,91,119,368
155,2008,68,20,97
155,2009,10,7,3
155,2010,11,0,16
155,2011,20,15,11
155,2012,21,12,20
155,2013,64,12,27
155,2014,133,67,94
155,2015,246,117,239
155,2016,157,90,124
155,2017,83,50,75
155,2018,117,44,60
156,1972,1,0,0
156,1976,2,0,0
156,1979,4,1,1
156,1980,4,0,0
156,1981,4,1,2
156,1983,9,0,1
156,1984,2,0,0
156,1986,5,0,0
156,1987,4,1,0
156,1988,1,0,1
156,1989,2,0,0
156,1990,15,2,54
156,1991,16,2,0
156,1992,37,3,20
156,1994,2,21,0
156,1995,6,3,0
156,1996,2,0,0
156,1997,6,3,4
156,1999,1,0,0
156,2000,1,0,0
156,2009,1,1,0
156,2016,1,0,0
157,1989,24,13,25
157,1990,18,12,12
157,1991,2,3,0
157,1992,10,7,10
157,1994,3,17,26
157,1995,10,6,4
157,1996,10,21,11
157,1997,2,0,0
157,2002,1,0,0
157,2007,1,0,0
157,2017,8,0,3
158,1970,1,1,1
158,1976,1,1,0
158,1980,2,3,0
158,1984,2,1,1
158,1985,1,0,0
158,1987,1,0,0
158,1992,4,0,0
158,1994,2,1,2
158,1995,12,0,16
158,1997,6,1,12
158,1999,1,2,1
158,2000,2,0,3
158,2010,2,2,7
158,2011,4,0,4
158,2012,4,1,2
158,2013,10,12,15
158,2014,12,4,1
158,2015,18,12,0
158,2016,14,10,2
158,2017,10,4,1
158,2018,4,2,0
159,1973,3,0,0
159,1974,3,0,15
159,1975,2,0,0
159,1977,3,0,0
159,1978,4,0,0
159,1979,3,5,1
159,1980,61,2,5
159,1981,145,10,11
159,1982,339,239,67
159,1983,516,1744,249
159,1984,517,2070,420
159,1985,336,593,117
159,1986,546,468,269
159,1987,609,688,351
159,1988,338,719,238
159,1989,609,1357,335
159,1990,468,1008,223
159,1991,626,1193,411
159,1992,370,756,745
159,1994,81,63,44
159,1995,43,103,47
159,1996,41,73,74
159,1997,55,41,51
159,1998,5,7,12
159,1999,4,17,3
159,2000,2,1,6
159,2001,3,16,9
159,2002,2,9,32
159,2003,1,7,10
159,2004,3,6,5
159,2005,2,7,2
159,2006,1,7,0
159,2007,4,18,52
159,2008,1,0,0
159,2009,4,19,9
159,2012,9,12,13
159,2013,13,6,4
159,2014,12,4,12
159,2015,10,6,7
159,2016,4,11,7
159,2017,7,5,4
159,2018,4,4,6
160,1970,9,5,13
160,1971,3,0,0
160,1972,7,2,1
160,1974,1,3,0
160,1975,3,1,45
160,1976,6,21,25
160,1977,2,0,0
160,1978,33,80,193
160,1979,44,97,73
160,1980,53,123,439
160,1981,16,89,309
160,1982,31,93,225
160,1983,13,47,22
160,1984,26,161,66
160,1985,97,278,190
160,1986,56,174,122
160,1987,130,309,430
160,1988,159,386,181
160,1989,126,255,219
160,1990,265,291,259
160,1991,124,278,182
160,1992,125,341,427
160,1994,56,102,166
160,1995,62,196,102
160,1996,59,90,143
160,1997,55,95,272
160,1998,18,6,85
160,1999,31,45,190
160,2000,130,281,641
160,2001,50,154,274
160,2002,48,125,342
160,2003,106,284,522
160,2004,31,202,159
160,2005,25,49,149
160,2006,57,57,163
160,2007,64,113,400
160,2008,275,219,388
160,2009,229,151,354
160,2010,204,155,231
160,2011,150,127,225
160,2012,248,209,407
160,2013,651,432,666
160,2014,596,470,691
160,2015,719,445,752
160,2016,631,414,718
160,2017,692,496,674
160,2018,600,440,538
161,1971,1,0,0
161,1979,1,0,5
161,1981,1,0,1
161,1990,7,1,1
161,1992,5,4,5
161,1994,4,0,0
161,1995,4,0,1
161,1996,6,1,7
161,1997,3,2,5
161,1998,2,0,0
161,2001,1,0,4
161,2010,1,1,1
161,2016,2,0,1
161,2017,1,0,0
161,2018,1,0,0
162,1972,1,0,0
162,1973,1,0,1
162,1975,4,0,0
162,1976,14,3,11
162,1977,15,0,11
162,1978,4,0,11
162,1979,15,3,6
162,1980,8,3,9
162,1981,10,2,3
162,1982,3,3,1
162,1983,9,8,4
162,1984,14,3,13
162,1985,20,1,8
162,1986,11,1,1
162,1988,2,2,0
162,1989,1,1,0
162,1992,1,0,1
162,1994,1,2,0
162,1995,3,0,15
162,2011,2,0,0
164,1982,1,1,0
164,1996,1,0,0
164,2000,1,0,0
164,2001,1,1,0
164,2005,1,2,12
164,2015,1,0,1
166,1984,1,1,0
166,1985,1,2,0
166,1991,1,1,3
166,1992,1,0,0
166,1995,1,0,5
166,2008,1,0,1
167,1992,21,34,38
167,1994,43,34,33
167,1995,37,145,34
167,1996,66,135,124
167,1997,76,60,107
167,1998,26,49,118
167,1999,54,395,678
167,2000,138,362,568
167,2001,135,228,454
167,2002,89,512,426
167,2003,76,328,812
167,2004,44,607,1171
167,2005,64,157,350
167,2006,56,57,59
167,2007,51,55,140
167,2008,170,95,233
167,2009,152,141,218
167,2010,251,231,609
167,2011,188,160,433
167,2012,151,161,260
167,2013,145,148,288
167,2014,47,67,87
167,2015,21,21,24
167,2016,55,64,61
167,2017,33,61,114
167,2018,23,23,24
168,1991,3,0,0
168,1992,18,141,182
168,1994,29,1566,8
168,1995,13,148,82
168,1996,13,100,3
168,1997,32,1018,274
168,1998,9,100,51
168,2000,1,4,0
168,2001,2,2,1
168,2005,1,30,0
168,2008,1,0,4
168,2009,1,4,52
168,2010,8,6,85
168,2011,2,2,49
168,2012,6,10,40
168,2013,4,6,62
168,2014,2,1,16
168,2016,1,0,0
168,2017,2,2,8
168,2018,5,12,9
173,1979,1,5,10
173,1984,1,0,0
173,1985,2,1,3
173,1986,1,62,32
173,1988,1,0,0
173,1989,3,1,16
173,1991,2,0,6
173,1994,1,0,0
173,1995,3,14,161
173,1996,1,19,386
173,2000,5,1,5
173,2001,3,2,7
173,2002,2,1,0
173,2003,7,55,126
173,2004,17,64,293
173,2005,1,1,0
173,2006,3,4,8
173,2007,1,3,1
173,2009,3,5,13
173,2011,2,3,15
173,2012,6,4,10
173,2013,6,1,2
173,2014,14,20,23
173,2015,100,213,281
173,2016,119,150,196
173,2017,54,31,69
173,2018,92,17,60
174,1980,1,0,0
174,1988,3,2,4
174,1990,7,6,63
174,1991,1,2,0
174,1992,14,59,22
174,1995,5,15,23
174,1997,12,41,28
174,1998,1,4,4
174,1999,1,1,12
174,2000,4,4,12
174,2001,6,19,6
174,2002,3,8,19
174,2005,1,0,0
174,2008,1,1,20
174,2009,1,2,1
174,2010,1,3,2
174,2011,3,14,2
174,2012,10,13,32
174,2013,3,7,1
174,2014,1,0,0
174,2015,2,0,4
174,2018,3,15,7
175,2003,6,2,4
175,2004,1,1,0
175,2005,2,0,0
175,2006,2,0,1
176,1981,2,0,0
177,1991,8,123,0
177,1992,4,21,4
177,1994,18,214,26
177,1995,14,40,23
177,1996,4,58,5
177,1997,3,16,1
177,1998,7,258,19
177,1999,6,28,0
177,2000,23,60,31
177,2016,1,1,0
177,2017,3,0,0
178,1974,1,0,0
178,1985,1,0,0
178,1987,2,0,0
178,1991,1,4,2
178,1992,1,0,0
178,1994,1,1,1
179,1994,1,0,0
179,1995,3,3,1
179,1996,5,1,0
179,1997,4,2,1
179,1998,2,1,3
179,1999,1,0,1
179,2000,1,0,4
179,2016,1,0,1
179,2018,1,2,0
180,1994,1,1,1
180,1996,3,0,1
180,1997,1,0,0
180,2000,1,0,0
181,1999,1,2,0
181,2000,1,0,0
181,2002,1,1,0
181,2003,1,1,0
182,1975,1,0,0
182,1980,1,1,0
182,1981,8,0,2
182,1983,1,0,0
182,1984,2,0,2
182,1987,1,0,0
182,1988,2,0,5
182,1989,2,30,0
182,1990,10,3,0
182,1991,7,6,0
182,1992,21,8,12
182,1994,30,45,71
182,1995,13,29,162
182,1996,16,28,8
182,1997,17,133,134
182,1998,1,0,0
182,1999,3,7,6
182,2000,9,36,39
182,2001,5,3,0
182,2002,3,6,6
182,2003,1,7,0
182,2004,1,2,1
182,2005,6,20,56
182,2006,9,22,35
182,2007,153,353,554
182,2008,170,426,564
182,2009,121,381,605
182,2010,130,295,395
182,2011,184,344,640
182,2012,325,783,727
182,2013,341,659,604
182,2014,869,1589,780
182,2015,420,1454,806
182,2016,601,1582,1325
182,2017,614,1914,1287
182,2018,526,1144,828
183,1974,1,0,1
183,1976,1,2,0
183,1977,15,5,35
183,1978,6,2,3
183,1979,15,8,25
183,1980,23,26,31
183,1981,41,8,24
183,1982,26,9,74
183,1983,55,23,316
183,1984,58,21,73
183,1985,101,81,251
183,1986,149,140,405
183,1987,122,111,312
183,1988,235,122,598
183,1989,144,53,141
183,1990,148,139,293
183,1991,122,376,373
183,1992,264,692,443
183,1994,124,351,515
183,1995,32,105,88
183,1996,47,82,106
183,1997,17,23,4
183,1998,6,13,31
183,1999,17,4,74
183,2000,21,18,45
183,2002,8,1,1
183,2007,2,1,1
183,2008,1,0,0
183,2012,4,5,4
183,2013,13,2,5
183,2014,20,9,8
183,2015,5,5,32
183,2016,27,21,11
183,2017,28,21,6
183,2018,41,24,11
184,1974,1,1,0
184,1982,1,1,3
184,1983,1,1,4
184,1986,2,5,30
184,1988,8,0,0
184,1989,1,0,0
184,1990,3,0,1
184,1991,6,0,0
184,1992,3,1,0
184,1994,2,1,1
184,1995,4,0,1
184,1996,1,0,30
184,2001,1,0,2
184,2003,1,0,60
184,2006,1,0,1
184,2015,1,0,1
184,2016,1,0,0
184,2018,1,0,0
185,1970,3,0,0
185,1971,21,0,0
185,1972,18,2,3
185,1973,20,6,2
185,1974,14,19,70
185,1975,132,30,2
185,1976,49,17,5
185,1977,146,44,101
185,1978,206,83,123
185,1979,278,112,284
185,1980,180,110,168
185,1981,101,39,84
185,1982,145,42,53
185,1983,119,40,66
185,1984,141,49,77
185,1985,114,67,182
185,1986,123,57,196
185,1987,104,68,211
185,1988,149,25,144
185,1989,141,29,34
185,1990,110,32,138
185,1991,89,46,164
185,1992,70,29,83
185,1994,37,16,26
185,1995,43,18,86
185,1996,54,4,63
185,1997,85,10,25
185,1998,17,6,6
185,1999,47,0,2
185,2000,112,29,93
185,2001,79,14,174
185,2002,41,5,73
185,2003,21,3,25
185,2004,31,193,1811
185,2005,24,0,82
185,2006,23,2,24
185,2007,11,0,5
185,2008,37,3,59
185,2009,21,3,48
185,2010,3,0,0
185,2012,1,0,0
185,2013,5,0,1
185,2014,4,0,0
185,2015,1,0,0
185,2016,3,0,4
185,2017,4,21,111
185,2018,2,1,0
186,1975,1,1,0
186,1979,3,2,1
186,1981,2,3,6
186,1982,1,5,0
186,1983,6,6,4
186,1984,73,439,210
186,1985,100,511,268
186,1986,129,638,831
186,1987,112,1261,781
186,1988,334,817,969
186,1989,492,1776,727
186,1990,131,1394,295
186,1991,111,1020,386
186,1992,101,973,438
186,1994,30,169,403
186,1995,122,988,599
186,1996,166,787,2163
186,1997,62,486,539
186,1998,35,680,659
186,1999,46,212,579
186,2000,66,446,950
186,2001,35,194,500
186,2002,3,3,0
186,2003,9,23,7
186,2004,33,30,46
186,2005,129,108,319
186,2006,214,1006,1262
186,2007,131,407,555
186,2008,100,353,1059
186,2009,36,201,549
186,2010,3,2,4
186,2012,4,0,1
186,2013,14,0,29
186,2014,16,3,65
186,2015,11,3,14
186,2016,1,0,2
186,2017,41,1,3
186,2018,7,3,5
189,1995,1,0,9
190,2000,1,2,12
195,1973,1,3,0
195,1981,1,2,3
195,1982,3,0,0
195,1983,1,0,0
195,1984,4,305,10
195,1986,5,8,1
195,1987,1,0,0
195,1988,9,26,28
195,1989,8,14,1
195,1990,1,0,0
195,1991,3,32,0
195,1992,4,4,0
195,1994,3,1,3
195,1995,3,6,0
195,1996,8,40,10
195,1997,3,1,21
195,1999,5,16,6
195,2000,7,27,180
195,2001,9,13,3
195,2002,12,580,15
195,2004,1,0,7
195,2005,6,54,26
195,2006,19,388,92
195,2007,21,301,111
195,2008,24,188,20
195,2009,25,76,36
195,2010,27,81,79
195,2011,38,193,123
195,2012,40,60,95
195,2013,46,220,150
195,2014,156,546,320
195,2015,157,210,322
195,2016,172,182,213
195,2017,105,80,176
195,2018,42,42,126
196,1982,1,0,0
196,1983,1,0,2
196,1984,1,0,0
196,1986,6,2,3
196,1987,12,6,7
196,1988,9,6,4
196,1989,17,14,6
196,1990,7,0,0
196,1991,1,1,0
196,1992,5,0,0
196,1994,1,0,0
196,1997,1,0,1
197,1982,1,0,0
197,1984,1,1,0
197,1986,1,0,0
197,1989,1,0,0
197,1991,1,0,0
197,1992,1,0,0
197,1995,1,0,0
197,1997,1,0,0
197,1998,1,1,2
197,1999,1,0,0
197,2003,1,0,0
197,2006,1,0,0
197,2008,3,0,0
198,1971,2,1,2
198,1972,3,0,0
198,1975,1,3,13
198,1979,1,1,0
198,1981,1,1,1
198,1983,1,1,0
198,1986,2,0,0
198,1989,3,0,0
198,1990,6,1,11
198,1991,6,1,1
198,1992,12,2,5
198,1995,1,0,0
198,1996,1,0,0
198,1997,4,1,1
198,1999,2,0,4
198,2000,1,0,1
198,2005,3,0,0
198,2006,1,0,0
198,2008,1,0,0
198,2009,1,0,0
198,2010,3,1,2
198,2011,1,0,0
198,2012,2,0,0
198,2014,5,0,1
198,2015,31,4,4
198,2016,16,0,1
198,2017,18,5,32
198,2018,5,0,1
199,1970,3,47,0
199,1971,1,0,3
199,1972,3,0,0
199,1973,2,0,0
199,1974,3,0,0
199,1975,3,0,0
199,1976,4,0,0
199,1977,4,0,3
199,1978,3,0,0
199,1979,6,1,5
199,1980,7,0,3
199,1981,13,2,31
199,1982,6,0,0
199,1983,3,0,0
199,1984,1,0,0
199,1985,7,0,10
199,1987,1,1,0
199,1988,4,0,5
199,1990,1,1,0
199,1991,2,0,4
199,1992,6,6,6
199,1995,5,1,0
199,1996,4,1,3
199,1997,1,0,0
199,1998,1,0,0
199,1999,2,0,0
199,2000,4,0,0
199,2001,2,14,18
199,2003,1,0,0
199,2007,2,0,1
199,2011,3,0,2
199,2013,2,0,0
199,2016,2,0,2
199,2018,1,0,0
200,1974,4,1,9
200,1975,2,0,0
200,1976,2,5,35
200,1977,3,1,0
200,1978,1,0,0
200,1979,27,80,1
200,1980,33,89,27
200,1981,40,191,223
200,1982,19,96,22
200,1983,1,1,0
200,1984,1,0,1
200,1985,1,30,30
200,1986,4,8,8
200,1989,1,0,0
200,1996,2,15,50
200,1997,1,2,0
200,1998,1,0,0
200,2004,1,4,2
200,2006,1,5,0
200,2008,1,18,14
200,2011,48,163,215
200,2012,176,877,1922
200,2013,274,1560,2236
200,2014,327,3296,1948
200,2015,486,3917,2978
200,2016,469,2809,2975
200,2017,244,1952,1301
200,2018,231,1547,1439
201,1971,1,25,0
201,1976,1,0,1
201,1990,1,0,0
201,1991,2,7,28
201,1992,20,16,30
201,1994,5,1,3
201,1995,4,0,2
201,1996,5,9,1
201,1997,1,0,0
201,2001,2,2,18
201,2004,2,0,2
201,2008,1,0,1
201,2013,2,0,0
201,2014,1,0,0
201,2016,1,0,0
201,2017,1,0,1
201,2018,3,0,0
202,1992,17,14,804
202,1994,28,31,10
202,1995,33,78,22
202,1996,21,50,34
202,1997,39,41,35
202,1998,10,27,3
202,1999,4,2,6
202,2000,5,10,76
202,2001,6,8,11
202,2005,1,0,0
202,2007,1,1,0
202,2009,1,0,1
202,2010,1,4,25
202,2012,5,3,6
202,2014,1,1,2
202,2015,2,7,6
202,2016,2,2,0
202,2017,2,1,0
202,2018,3,33,9
203,1979,1,1,0
203,1995,1,0,0
203,1997,1,1,0
203,1998,1,11,85
203,2000,2,0,0
203,2001,3,1,0
203,2004,1,0,0
203,2008,1,0,2
203,2010,1,0,0
203,2013,7,8,83
203,2014,11,4,43
203,2015,14,10,14
203,2016,3,3,2
203,2017,6,8,4
203,2018,3,9,0
204,1985,3,1,2
204,1991,2,13,0
204,1992,26,8,22
204,1994,6,6,9
204,1995,1,0,0
204,1996,1,3,0
204,2005,1,0,0
205,1972,1,0,0
205,1974,1,2,0
205,1977,3,1,70
205,1978,5,29,25
205,1979,14,54,9
205,1980,22,64,141
205,1981,17,21,62
205,1982,3,1,20
205,1983,1,0,0
205,1984,1,0,20
205,1985,1,0,0
205,1986,3,0,3
205,1988,4,2,2
205,1989,15,35,51
205,1990,9,21,54
205,1991,8,11,27
205,1992,25,39,90
205,1994,18,15,25
205,1995,10,19,25
205,1996,17,6,14
205,1997,18,12,21
205,1998,4,4,42
205,1999,4,0,0
205,2000,4,7,4
205,2001,14,11,59
205,2002,12,16,45
205,2003,6,6,6
205,2004,43,31,150
205,2005,155,130,348
205,2006,199,192,413
205,2007,290,260,647
205,2008,197,154,636
205,2009,297,269,460
205,2010,253,154,313
205,2011,182,152,435
205,2012,280,209,1055
205,2013,468,245,678
205,2014,421,192,650
205,2015,278,116,463
205,2016,329,120,385
205,2017,179,72,270
205,2018,182,69,159
207,1976,1,0,3
207,1979,1,0,0
207,1981,1,0,0
207,1983,1,0,14
207,1989,1,0,0
207,1991,1,0,1
207,1992,1,0,0
207,1994,1,2,0
207,1995,4,4,0
207,1996,3,0,3
207,2005,2,0,14
207,2010,1,0,0
207,2013,3,0,0
207,2015,1,0,0
207,2018,1,0,0
208,1979,1,0,0
208,1980,1,41,100
208,1986,2,0,0
208,1987,4,0,13
208,1991,2,4,0
208,1994,1,1,0
208,1995,1,7,0
208,2001,1,3,0
208,2002,1,21,30
208,2007,1,14,0
208,2008,1,0,0
208,2011,3,4,0
208,2012,3,4,46
208,2013,28,25,28
208,2014,21,42,63
208,2015,19,107,132
208,2016,12,71,26
208,2017,4,5,5
208,2018,18,16,33
209,1970,12,0,1
209,1971,35,1,0
209,1972,9,3,5
209,1974,1,0,1
209,1975,10,0,0
209,1976,34,7,23
209,1977,189,29,89
209,1978,52,40,111
209,1979,119,122,109
209,1980,90,109,60
209,1981,8,11,11
209,1982,5,9,71
209,1983,5,2,24
209,1984,19,27,19
209,1985,2,1,0
209,1986,7,26,7
209,1987,40,155,80
209,1988,42,102,21
209,1989,111,220,53
209,1990,175,408,104
209,1991,275,266,286
209,1992,473,961,398
209,1994,184,522,317
209,1995,129,150,210
209,1996,53,115,75
209,1997,40,44,108
209,1998,22,21,107
209,1999,106,115,255
209,2000,35,12,27
209,2001,19,17,40
209,2002,5,0,0
209,2003,19,67,778
209,2004,26,25,88
209,2005,41,35,140
209,2006,42,39,314
209,2007,28,25,122
209,2008,32,42,274
209,2009,13,18,48
209,2010,20,13,7
209,2011,51,25,110
209,2012,183,247,462
209,2013,41,83,192
209,2014,94,39,89
209,2015,419,490,1107
209,2016,543,1007,2772
209,2017,179,221,328
209,2018,92,93,201
210,2002,1,0,1
210,2014,1,3,2
213,1979,8,13,3
213,1981,24,53,9
213,1982,1,0,0
213,1983,6,121,2
213,1984,3,235,0
213,1985,5,1,8
213,1986,1,1,0
213,1987,1,1,4
213,1988,13,156,21
213,1989,15,72,37
213,1990,12,68,31
213,1991,2,2,0
213,1992,3,2,14
213,1994,10,18,41
213,1995,7,145,20
213,1996,27,386,100
213,1997,22,223,121
213,1998,18,81,72
213,1999,19,75,91
213,2000,20,297,90
213,2001,24,56,83
213,2002,24,173,44
213,2003,30,231,72
213,2004,10,193,107
213,2005,11,80,43
213,2007,1,2,1
213,2008,6,3,11
213,2009,2,11,0
213,2010,6,75,71
213,2012,4,5,0
213,2014,6,98,16
213,2015,10,4,1
213,2016,15,75,19
213,2017,13,7,2
213,2018,10,17,9
214,1991,2,0,1
214,1992,1,1,1
214,1994,9,2,5
214,1995,2,0,2
214,1996,3,0,3
214,1997,2,2,0
214,1999,6,1,37
214,2000,1,0,0
214,2002,3,1,2
214,2003,1,0,1
214,2007,1,0,0
214,2008,1,0,2
214,2009,2,0,8
214,2010,4,1,8
214,2011,3,0,0
214,2012,8,1,36
214,2013,5,1,3
214,2014,891,1389,1226
214,2015,636,765,1401
214,2016,61,48,40
214,2017,62,40,64
214,2018,34,14,22
215,1974,1,1,2
215,1977,1,1,0
215,1978,1,5,0
215,1979,1,0,0
215,1980,1,1,15
215,1981,2,2,4
215,1983,1,111,0
215,1985,2,0,1
215,1986,1,0,0
215,1989,1,1,0
215,1992,1,0,1
215,1995,2,0,0
215,2010,2,0,1
215,2013,1,0,0
215,2014,2,1,0
217,1970,468,33,160
217,1971,247,20,55
217,1972,68,10,35
217,1973,58,45,33
217,1974,94,16,54
217,1975,149,24,158
217,1976,104,4,41
217,1977,130,4,17
217,1978,87,8,8
217,1979,69,18,58
217,1980,67,15,22
217,1981,74,8,15
217,1982,78,11,37
217,1983,44,8,5
217,1984,63,3,780
217,1985,40,3,13
217,1986,49,1,36
217,1987,34,1,1
217,1988,27,1,1
217,1989,42,3,14
217,1990,32,5,7
217,1991,30,2,4
217,1992,32,2,3
217,1994,45,9,13
217,1995,60,178,738
217,1996,35,2,84
217,1997,42,2,19
217,1998,31,4,3
217,1999,53,20,40
217,2000,42,8,10
217,2001,47,3014,21894
217,2002,33,4,11
217,2003,33,0,0
217,2004,9,0,0
217,2005,21,0,0
217,2006,6,1,14
217,2007,8,0,0
217,2008,18,2,13
217,2009,12,22,50
217,2010,17,4,17
217,2011,10,0,2
217,2012,20,7,7
217,2013,20,23,436
217,2014,29,26,19
217,2015,38,54,58
217,2016,67,68,143
217,2017,66,97,946
217,2018,67,45,61
218,1970,33,3,0
218,1971,8,1,0
218,1972,1,0,0
218,1984,4,0,0
218,1985,2,0,0
218,1986,2,0,0
218,1989,1,1,0
218,1990,1,0,0
218,1991,3,0,0
218,1992,11,0,0
218,1994,4,0,4
218,1995,1,0,0
218,1996,1,0,0
218,1997,2,0,1
218,2005,1,0,0
218,2016,1,1,1
219,1992,2,0,1
219,1995,1,0,0
219,1999,8,19,128
219,2004,5,36,31
219,2005,2,10,34
219,2009,2,3,6
219,2015,1,0,0
220,1996,2,0,0
221,1981,1,0,3
222,1970,2,0,0
222,1971,4,0,0
222,1972,1,0,0
222,1973,3,0,0
222,1974,3,0,0
222,1975,5,0,0
222,1976,4,0,0
222,1977,2,1,0
222,1978,7,1,5
222,1979,2,0,0
222,1980,8,3,13
222,1981,7,2,0
222,1982,2,30,0
222,1983,4,4,0
222,1984,3,0,0
222,1985,2,0,0
222,1986,8,13,12
222,1987,13,3,0
222,1988,9,40,3
222,1989,8,14,0
222,1990,1,0,0
222,1991,17,47,1
222,1992,31,7,28
222,1994,12,4,10
222,1995,11,8,34
222,1996,12,13,4
222,1997,41,3,1
222,1998,1,0,1
222,1999,4,0,0
222,2001,5,0,1
222,2002,5,0,0
222,2003,8,0,4
222,2007,2,1,8
222,2008,1,1,0
222,2009,3,10,1
222,2012,1,0,2
222,2013,1,0,7
222,2014,4,1,1
222,2015,3,1,0
222,2016,6,9,77
222,2017,17,5,32
222,2018,12,32,40
223,1992,1,0,0
223,1994,1,0,21
223,1995,1,0,5
223,1996,1,0,1
223,1997,1,1,0
223,2001,4,0,0
223,2017,2,0,0
223,2018,1,0,1
226,1994,1,0,0
228,1991,5,1,2
228,1992,22,17,21
228,1994,8,3,2
228,1995,8,4,12
228,1996,7,3,4
228,1997,17,11,8
228,1998,6,8,3
228,1999,15,11,45
228,2000,9,19,40
228,2001,6,0,3
228,2002,7,4,6
228,2003,7,16,9
228,2005,7,12,7
228,2006,4,9,9
228,2007,7,24,46
228,2008,22,74,177
228,2009,23,47,29
228,2010,112,345,233
228,2011,117,461,413
228,2012,309,1052,920
228,2013,412,623,892
228,2014,749,1346,1304
228,2015,644,2372,3064
228,2016,516,1515,1341
228,2017,222,763,723
228,2018,322,829,601
229,1997,1,8,0
229,1998,4,67,0
229,1999,3,7,0
229,2000,2,10,9
229,2001,5,15,5
229,2002,7,16,32
229,2003,6,154,1
229,2004,4,6,11
229,2005,5,31,36
229,2006,5,23,1
229,2007,11,72,53
229,2008,20,319,26
229,2009,54,824,155
229,2010,18,118,12
229,2011,16,50,8
229,2012,25,288,165
229,2013,21,150,72
229,2014,110,366,170
229,2015,142,371,244
229,2016,168,545,175
229,2017,141,582,193
229,2018,163,993,271
230,1973,1,2,0
230,1975,1,1,0
230,1977,1,1,0
230,1979,1,0,0
230,1985,1,0,0
230,1986,1,2,0
230,1987,1,0,0
230,1988,4,4,18
230,1989,18,33,11
230,1990,3,5,2
230,1995,1,0,0
230,1996,3,0,1
230,1999,7,1,1
230,2000,8,0,2
230,2002,1,0,0
230,2017,2,0,0
231,1980,14,13,75
231,1981,9,13,0
231,1982,10,21,0
231,1983,6,11,3
231,1984,2,3,0
231,1985,1,5,0
231,1987,11,35,19
231,1988,1,2,3
231,1989,3,21,9
231,1990,4,9,14
231,1991,1,0,0
231,1992,1,0,0
231,1994,1,0,25
231,1995,2,0,1
231,2000,1,0,0
231,2001,3,1,0
231,2002,8,8,49
231,2003,1,0,8
231,2006,1,0,5
231,2007,1,0,0
231,2008,5,7,8
231,2010,1,1,1
231,2011,1,0,0
231,2013,3,1,1
231,2014,1,0,0
231,2017,3,0,1
231,2018,2,2,47
235,1973,1,1,7
235,1974,1,0,0
235,1977,1,1,7
235,1980,1,0,2
235,1981,2,0,4
235,1983,1,2,4
235,1984,1,2,1
235,1989,3,0,0
235,1990,5,0,0
235,1991,11,6,7
235,1992,12,3,43
235,1994,1,0,0
235,1995,3,2,7
235,1996,16,9,9
235,1997,37,9,28
235,1998,46,57,34
235,1999,23,14,108
235,2000,14,5,9
235,2001,20,8,11
235,2002,3,0,0
236,1989,4,0,0
236,1990,1,0,20
236,1991,1,1,0
236,1992,3,0,3
347,2000,3,0,1
347,2003,2,5,5
347,2005,1,0,0
347,2007,1,1,0
347,2008,1,2,1
349,1984,1,0,0
349,1992,1,0,1
349,2007,1,0,3
349,2018,2,0,0
359,1978,1,4,0
359,1989,7,6,27
359,1990,35,55,101
359,1991,31,25,20
362,1970,20,8,9
362,1971,13,0,0
362,1972,23,23,45
362,1973,27,1,1
362,1974,28,1,10
362,1975,34,1,12
362,1976,50,4,36
362,1977,39,6,2
362,1978,10,0,1
362,1979,17,0,10
362,1980,20,17,218
362,1981,31,2,31
362,1982,29,5,44
362,1983,5,2,25
362,1984,20,0,2
362,1985,53,9,114
362,1986,46,9,242
362,1987,19,2,32
362,1988,14,1,14
362,1989,21,5,8
362,1990,9,1,4
377,1974,1,0,1
377,1978,2,1,0
377,1988,1,0,0
403,1978,13,66,2
403,1979,32,68,16
403,1980,13,24,99
406,1971,1,0,0
428,1972,1,81,0
499,1970,12,0,0
499,1971,4,0,0
499,1974,1,1,0
499,1977,1,0,0
499,1978,1,0,1
499,1982,1,0,0
499,1983,1,0,0
499,1984,1,0,1
499,1985,4,0,0
499,1986,3,1,34
499,1987,1,0,1
499,1988,4,0,0
499,1989,1,0,0
499,1990,3,0,0
532,1980,1,0,0
603,1970,12,20,1
603,1971,81,110,1
603,1972,292,368,224
603,1973,189,210,275
603,1974,203,235,329
603,1975,194,245,129
603,1976,194,264,19
603,1977,140,103,17
603,1978,99,81,113
603,1979,239,133,150
603,1980,134,78,92
603,1981,140,86,118
603,1982,95,95,152
603,1983,177,77,186
603,1984,144,69,249
603,1985,66,64,175
603,1986,95,63,80
603,1987,117,104,120
603,1988,180,370,263
603,1989,163,66,174
603,1990,147,76,123
603,1991,262,88,235
603,1992,274,94,453
603,1994,164,58,146
603,1995,22,11,5
603,1996,36,14,395
603,1997,76,23,35
603,1998,63,46,259
603,1999,76,8,225
603,2000,61,7,28
603,2001,94,8,33
603,2002,21,2,13
603,2003,23,2,11
603,2004,5,0,2
603,2005,29,57,787
603,2006,6,0,0
603,2007,20,4,13
603,2008,39,0,8
603,2009,23,3,12
603,2010,57,0,22
603,2011,47,1,3
603,2012,55,2,2
603,2013,137,4,64
603,2014,103,0,4
603,2015,115,1,23
603,2016,104,9,20
603,2017,123,42,301
603,2018,99,2,18
604,1972,3,0,0
604,1973,1,0,2
604,1977,1,1,0
604,1984,3,2,0
604,1988,1,28,0
604,1991,6,3,18
604,1992,5,10,56
604,1994,6,1,7
604,1995,5,37,32
604,1996,9,70,92
604,1997,4,2,3
605,1972,1,0,0
605,1977,1,0,0
605,1982,1,15,0
1001,2008,4,2,0
1001,2009,3,0,2
1001,2010,1,0,4
1001,2012,3,1,2
1001,2017,1,0,1
1001,2018,2,0,3
1002,2001,1,1,0
1002,2007,1,0,0
1002,2013,2,0,0
1002,2015,1,0,0
1002,2018,3,1,1
1003,1999,39,23,146
1003,2000,59,23,84
1003,2001,17,20,59
1003,2002,5,1,32
1003,2003,8,5,3
1003,2004,1,0,5
1003,2005,8,1,0
1003,2006,6,0,4
1003,2007,5,1,0
1003,2008,11,0,5
1003,2009,1,0,0
1003,2010,1,1,11
1003,2011,1,0,0
1003,2012,4,3,4
1003,2013,6,1,4
1003,2014,4,2,3
1003,2015,2,0,0
1003,2016,8,0,0
1003,2017,8,0,4
1003,2018,2,1,0
1004,2012,5,68,22
1004,2013,13,226,113
1004,2014,40,908,602
1004,2015,54,218,137
1004,2016,57,632,187
1004,2017,54,581,258
1004,2018,35,87,48
2001,1970,472,34,160
2001,1971,247,20,55
2001,1972,73,11,42
2001,1973,64,46,33
2001,1974,111,18,54
2001,1975,159,56,163
2001,1976,124,30,46
2001,1977,149,15,32
2001,1978,115,15,26
2001,1979,79,23,58
2001,1980,75,18,22
2001,1981,77,8,21
2001,1982,86,13,45
2001,1983,47,8,7
2001,1984,67,16,789
2001,1985,44,334,15
2001,1986,53,1,37
2001,1987,35,1,1
2001,1988,30,3,1
2001,1989,44,18,28
2001,1990,37,8,8
2001,1991,40,15,4
2001,1992,41,8,7
2001,1994,76,39,41
2001,1995,94,240,766
2001,1996,111,98,296
2001,1997,139,231,67
2001,1998,37,8,8
2001,1999,55,20,44
2001,2000,51,13,43
2001,2001,54,3027,21899
2001,2002,33,4,11
2001,2003,34,2,1
2001,2004,11,0,3
2001,2005,22,2,0
2001,2006,15,8,48
2001,2007,17,25,6
2001,2008,31,23,126
2001,2009,17,24,53
2001,2010,24,4,17
2001,2011,12,0,3
2001,2012,39,24,15
2001,2013,32,70,546
2001,2014,37,34,27
2001,2015,62,63,70
2001,2016,78,73,177
2001,2017,98,126,977
2001,2018,100,81,136
2002,1970,6,3,0
2002,1971,4,0,0
2002,1972,3,0,0
2002,1973,6,0,0
2002,1974,11,0,3
2002,1975,9,36,1
2002,1976,42,84,18
2002,1977,23,35,12
2002,1978,187,160,139
2002,1979,571,463,187
2002,1980,1017,2900,463
2002,1981,1100,3031,668
2002,1982,927,3256,373
2002,1983,746,4221,926
2002,1984,561,3784,669
2002,1985,648,2110,446
2002,1986,332,650,250
2002,1987,475,1126,621
2002,1988,432,667,447
2002,1989,473,429,689
2002,1990,271,398,416
2002,1991,653,668,999
2002,1992,205,101,141
2002,1994,134,166,159
2002,1995,148,80,103
2002,1996,111,85,131
2002,1997,113,65,131
2002,1998,1,0,0
2002,1999,8,6,3
2002,2000,14,11,28
2002,2001,8,2,3
2002,2002,3,0,1
2002,2003,8,5,6
2002,2004,5,38,44
2002,2005,3,1,14
2002,2006,5,7,1
2002,2007,4,2,2
2002,2009,9,3,1
2002,2010,1,0,0
2002,2011,1,2,0
2002,2012,1,2,1
2002,2013,13,9,3
2002,2014,5,5,65
2002,2015,1,0,0
2002,2016,3,9,0
2002,2017,4,4,1
2002,2018,15,9,22
2003,1970,63,10,4
2003,1971,23,6,0
2003,1972,25,6,1
2003,1973,78,14,19
2003,1974,81,21,29
2003,1975,53,130,16
2003,1976,90,134,106
2003,1977,104,36,42
2003,1978,209,80,48
2003,1979,228,180,77
2003,1980,308,118,123
2003,1981,361,350,63
2003,1982,611,638,165
2003,1983,910,2192,362
2003,1984,1383,2572,880
2003,1985,1002,1495,628
2003,1986,1139,1283,510
2003,1987,1228,1283,686
2003,1988,995,1785,763
2003,1989,1347,2140,885
2003,1990,1030,1694,1000
2003,1991,1260,1990,874
2003,1992,1153,1422,1480
2003,1994,279,320,395
2003,1995,240,630,442
2003,1996,469,690,582
2003,1997,709,1232,721
2003,1998,86,324,191
2003,1999,127,273,250
2003,2000,141,427,191
2003,2001,221,554,446
2003,2002,155,349,686
2003,2003,116,191,575
2003,2004,42,89,218
2003,2005,49,152,108
2003,2006,50,93,106
2003,2007,47,83,163
2003,2008,144,109,253
2003,2009,159,136,244
2003,2010,148,58,149
2003,2011,106,43,90
2003,2012,132,182,475
2003,2013,182,157,291
2003,2014,279,154,354
2003,2015,173,125,145
2003,2016,159,87,176
2003,2017,165,98,157
2003,2018,297,199,350
2004,1970,2,0,0
2004,1971,1,25,0
2004,1973,2,0,0
2004,1974,4,1,7
2004,1975,10,0,2
2004,1976,2,2,1
2004,1977,4,0,0
2004,1978,35,4,53
2004,1979,15,2,2
2004,1980,1,0,2
2004,1981,4,0,25
2004,1982,3,1,3
2004,1983,13,3,5
2004,1984,15,0,11
2004,1985,10,2,7
2004,1986,12,8,31
2004,1987,10,1,3
2004,1988,24,0,26
2004,1989,18,22,13
2004,1990,98,4,136
2004,1991,29,8,31
2004,1992,71,27,50
2004,1994,29,33,612
2004,1995,38,21,6426
2004,1996,88,28,158
2004,1997,40,38,118
2004,1998,9,50,166
2004,1999,4,5,50
2004,2000,19,1,19
2004,2001,19,9,57
2004,2002,4,1,18
2004,2003,6,1,76
2004,2004,4,4,7
2004,2005,2,12,3
2004,2006,1,0,1
2004,2008,25,39,197
2004,2009,8,186,56
2004,2010,1,7,14
2004,2011,4,19,32
2004,2012,4,27,38
2004,2013,15,60,71
2004,2014,43,322,478
2004,2015,28,123,84
2004,2016,8,32,44
2004,2017,7,16,77
2004,2018,6,2,2
2005,1970,9,5,13
2005,1971,5,2,10
2005,1972,16,84,1
2005,1973,1,0,8
2005,1974,3,5,0
2005,1975,6,1,48
2005,1976,7,21,25
2005,1977,8,102,72
2005,1978,41,110,219
2005,1979,72,226,178
2005,1980,75,187,580
2005,1981,34,114,371
2005,1982,36,97,245
2005,1983,18,68,72
2005,1984,29,163,86
2005,1985,100,285,204
2005,1986,77,194,181
2005,1987,133,309,430
2005,1988,187,443,412
2005,1989,169,430,375
2005,1990,291,395,367
2005,1991,164,416,293
2005,1992,231,534,715
2005,1994,124,356,295
2005,1995,130,295,264
2005,1996,173,214,475
2005,1997,150,319,678
2005,1998,30,44,137
2005,1999,101,116,305
2005,2000,250,447,1042
2005,2001,186,311,552
2005,2002,108,393,955
2005,2003,144,350,750
2005,2004,92,275,548
2005,2005,204,266,846
2005,2006,268,255,582
2005,2007,360,384,1053
2005,2008,509,389,1060
2005,2009,557,481,892
2005,2010,472,322,634
2005,2011,355,299,730
2005,2012,586,451,1493
2005,2013,1184,713,1390
2005,2014,1080,700,1418
2005,2015,1069,644,1385
2005,2016,1076,638,1220
2005,2017,1021,811,1012
2005,2018,871,619,882
2006,1970,1,4,20
2006,1972,1,0,0
2006,1973,1,0,1
2006,1974,2,0,2
2006,1975,4,6,0
2006,1976,4,1,3
2006,1977,2,0,1
2006,1978,2,5,2
2006,1979,33,91,63
2006,1980,11,39,111
2006,1981,22,37,24
2006,1982,19,72,115
2006,1983,62,75,247
2006,1984,228,642,574
2006,1985,147,567,382
2006,1986,256,1086,1592
2006,1987,338,1961,2302
2006,1988,743,1999,2580
2006,1989,871,2713,1931
2006,1990,572,2525,1967
2006,1991,646,2354,2759
2006,1992,521,2333,2374
2006,1994,340,878,1777
2006,1995,1034,2060,2464
2006,1996,703,1891,5087
2006,1997,468,1625,2763
2006,1998,136,1237,1450
2006,1999,223,894,1641
2006,2000,353,1373,2362
2006,2001,383,1365,2285
2006,2002,332,1282,2415
2006,2003,352,802,1604
2006,2004,367,1611,2710
2006,2005,595,1333,2763
2006,2006,934,2933,5142
2006,2007,978,3661,5321
2006,2008,1753,3512,6416
2006,2009,1943,3561,6729
2006,2010,1980,3692,5400
2006,2011,2125,3708,5401
2006,2012,3787,6568,9634
2006,2013,4589,7055,11087
2006,2014,4964,8303,9445
2006,2015,4569,8280,10228
2006,2016,3637,7802,9275
2006,2017,3423,7662,8982
2006,2018,3279,10931,9826
2007,1991,7,28,12
2007,1992,74,256,887
2007,1994,55,95,188
2007,1995,54,94,65
2007,1996,32,56,44
2007,1997,48,79,38
2007,1998,24,59,51
2007,1999,23,35,162
2007,2000,20,17,88
2007,2001,18,16,27
2007,2002,6,3,18
2007,2003,7,1,1
2007,2004,8,36,32
2007,2005,11,18,66
2007,2006,6,6,6
2007,2007,4,1,1
2007,2008,36,20,77
2007,2009,31,10,30
2007,2010,9,8,43
2007,2011,9,13,3
2007,2012,12,6,11
2007,2013,7,2,2
2007,2014,9,5,7
2007,2015,9,8,8
2007,2016,17,21,25
2007,2017,8,7,7
2007,2018,7,34,10
2008,1970,49,79,10
2008,1971,124,112,6
2008,1972,374,405,282
2008,1973,288,295,407
2008,1974,315,407,601
2008,1975,432,297,195
2008,1976,572,323,120
2008,1977,764,193,201
2008,1978,705,230,325
2008,1979,1016,300,689
2008,1980,587,375,859
2008,1981,476,177,587
2008,1982,401,178,459
2008,1983,471,161,484
2008,1984,537,173,611
2008,1985,463,261,980
2008,1986,450,164,845
2008,1987,416,194,431
2008,1988,486,435,590
2008,1989,441,118,233
2008,1990,386,120,292
2008,1991,689,170,473
2008,1992,764,179,838
2008,1994,439,92,270
2008,1995,319,68,321
2008,1996,467,42,589
2008,1997,338,39,95
2008,1998,138,54,283
2008,1999,234,13,285
2008,2000,253,42,155
2008,2001,234,40,259
2008,2002,119,9,94
2008,2003,120,5,80
2008,2004,59,196,1853
2008,2005,104,60,892
2008,2006,98,6,31
2008,2007,72,17,44
2008,2008,163,3,76
2008,2009,182,15,104
2008,2010,133,5,42
2008,2011,94,83,96
2008,2012,194,12,15
2008,2013,261,7,85
2008,2014,215,5,31
2008,2015,335,171,528
2008,2016,272,171,903
2008,2017,293,83,509
2008,2018,200,25,100
2009,1970,12,0,0
2009,1971,5,0,0
2009,1973,1,1,7
2009,1974,2,1,0
2009,1977,2,1,7
2009,1978,2,4,1
2009,1979,1,0,5
2009,1980,1,0,2
2009,1981,4,0,5
2009,1982,3,2,0
2009,1983,2,2,4
2009,1984,4,3,2
2009,1985,5,2,0
2009,1986,3,1,34
2009,1987,1,0,1
2009,1988,4,0,0
2009,1989,16,6,27
2009,1990,57,56,122
2009,1991,80,270,70
2009,1992,91,110,174
2009,1994,85,46,45
2009,1995,68,158,61
2009,1996,175,167,219
2009,1997,245,114,290
2009,1998,105,109,164
2009,1999,137,440,979
2009,2000,233,402,710
2009,2001,251,294,558
2009,2002,112,518,464
2009,2003,99,335,821
2009,2004,46,608,1176
2009,2005,76,158,352
2009,2006,69,57,65
2009,2007,62,57,144
2009,2008,208,101,332
2009,2009,165,143,275
2009,2010,261,235,639
2009,2011,198,174,595
2009,2012,173,179,332
2009,2013,165,151,296
2009,2014,957,1460,1328
2009,2015,682,790,1432
2009,2016,134,112,107
2009,2017,111,101,183
2009,2018,70,41,52
2010,1970,28,1,5
2010,1971,52,7,11
2010,1972,52,33,83
2010,1973,19,7,18
2010,1974,42,81,168
2010,1975,44,60,92
2010,1976,51,44,388
2010,1977,209,42,115
2010,1978,126,671,641
2010,1979,421,356,858
2010,1980,420,438,1015
2010,1981,296,722,1345
2010,1982,270,579,1728
2010,1983,302,738,1084
2010,1984,248,143,754
2010,1985,125,705,1590
2010,1986,181,398,1387
2010,1987,190,530,512
2010,1988,239,314,686
2010,1989,455,461,562
2010,1990,465,668,554
2010,1991,581,500,865
2010,1992,1119,1511,1281
2010,1994,702,1266,1493
2010,1995,561,928,2125
2010,1996,363,942,2049
2010,1997,493,4095,2508
2010,1998,236,850,1264
2010,1999,295,576,759
2010,2000,260,602,564
2010,2001,355,881,1418
2010,2002,320,1147,2138
2010,2003,302,1047,3230
2010,2004,474,2529,5257
2010,2005,859,3870,7153
2010,2006,1166,4971,9135
2010,2007,1369,7156,14672
2010,2008,1525,3463,8539
2010,2009,1360,2981,9861
2010,2010,1461,2659,7869
2010,2011,1659,2650,6087
2010,2012,2389,5028,10837
2010,2013,4493,10090,21445
2010,2014,6893,19971,22448
2010,2015,5979,17831,23753
2010,2016,6113,19242,23492
2010,2017,3811,10836,8487
2010,2018,2537,4407,5094
2011,1971,1,0,0
2011,1972,4,0,0
2011,1973,4,5,2
2011,1974,5,3,1
2011,1975,10,29,100
2011,1976,8,8,1
2011,1977,27,17,36
2011,1978,31,101,100
2011,1979,95,172,107
2011,1980,58,82,294
2011,1981,93,82,43
2011,1982,50,47,74
2011,1983,99,477,681
2011,1984,115,1014,504
2011,1985,129,178,416
2011,1986,172,785,469
2011,1987,159,635,556
2011,1988,319,571,1050
2011,1989,284,1168,496
2011,1990,423,590,761
2011,1991,245,1271,726
2011,1992,544,2019,1529
2011,1994,302,2711,931
2011,1995,216,1110,729
2011,1996,198,1789,507
2011,1997,248,2022,1274
2011,1998,83,1383,4439
2011,1999,129,871,763
2011,2000,182,973,613
2011,2001,157,893,481
2011,2002,115,967,330
2011,2003,71,554,157
2011,2004,29,273,155
2011,2005,59,379,350
2011,2006,102,832,298
2011,2007,283,1293,1055
2011,2008,353,1413,1871
2011,2009,275,1713,898
2011,2010,328,819,1135
2011,2011,488,1225,1609
2011,2012,1159,2980,2506
2011,2013,988,3847,2392
2011,2014,2306,13313,5308
2011,2015,1949,10675,6374
2011,2016,2063,6649,4585
2011,2017,1981,6696,4639
2011,2018,2157,6587,3748
2012,1970,1,0,0
2012,1971,1,0,0
2012,1972,3,1,0
2012,1973,1,0,0
2012,1974,1,0,0
2012,1978,2,2,9
2012,1979,2,0,9
2012,1980,7,2,3
2012,1981,3,1,0
2012,1982,2,0,3
2012,1984,11,12,1
2012,1985,7,0,11
2012,1986,4,1,22
2012,1987,3,0,1
2012,1988,11,21,10
2012,1989,29,15,25
2012,1990,18,12,12
2012,1991,10,3,0
2012,1992,17,9,14
2012,1994,12,19,29
2012,1995,18,6,17
2012,1996,19,23,14
2012,1997,7,0,23
2012,1998,6,0,2
2012,1999,4,2,0
2012,2000,6,7,17
2012,2001,4,0,0
2012,2002,2,1,0
2012,2003,4,1,0
2012,2006,2,0,0
2012,2007,1,0,0
2012,2008,8,0,0
2012,2009,1,0,0
2012,2010,1,0,0
2012,2013,1,0,0
2012,2014,9,4,7
2012,2015,14,2,0
2012,2016,10,0,1
2012,2017,13,4,24
2012,2018,21,2,3
