cat,year,type,count,killed
1,1970,1,21,0
1,1970,6,33,0
1,1970,3,332,0
1,1970,7,174,0
1,1970,2,61,0
1,1970,4,11,0
1,1970,9,5,0
1,1970,8,3,0
1,1970,5,3,0
1,1971,7,88,0
1,1971,3,234,0
1,1971,6,18,0
1,1971,1,70,0
1,1971,2,43,0
1,1971,4,6,0
1,1971,9,3,0
1,1971,5,1,0
1,1972,3,185,0
1,1972,6,16,0
1,1972,2,63,0
1,1972,1,252,0
1,1972,7,18,0
1,1972,4,12,0
1,1972,5,4,0
1,1972,9,1,0
1,1973,1,162,0
1,1973,2,61,0
1,1973,6,39,0
1,1973,3,148,0
1,1973,7,36,0
1,1973,5,7,0
1,1973,8,3,0
1,1973,9,1,0
1,1973,4,8,0
1,1974,6,35,0
1,1974,3,285,0
1,1974,1,158,0
1,1974,7,42,0
1,1974,2,44,0
1,1974,4,3,0
1,1974,5,5,0
1,1974,8,4,0
1,1974,9,1,0
1,1975,3,367,0
1,1975,2,77,0
1,1975,1,180,0
1,1975,5,13,0
1,1975,7,63,0
1,1975,6,23,0
1,1975,4,1,0
1,1975,9,3,0
1,1976,9,5,0
1,1976,3,414,0
1,1976,2,119,0
1,1976,1,203,0
1,1976,7,111,0
1,1976,6,36,0
1,1976,8,2,0
1,1976,4,4,0
1,1976,5,6,0
1,1977,3,622,0
1,1977,1,142,0
1,1977,6,61,0
1,1977,7,182,0
1,1977,2,251,0
1,1977,9,14,0
1,1977,5,13,0
1,1977,4,7,0
1,1978,6,82,0
1,1978,7,171,0
1,1978,3,626,0
1,1978,1,252,0
1,1978,5,41,0
1,1978,2,230,0
1,1978,8,5,0
1,1978,9,48,0
1,1979,9,169,0
1,1979,3,1015,0
1,1979,6,138,0
1,1979,1,512,0
1,1979,2,416,0
1,1979,5,75,0
1,1979,7,192,0
1,1979,4,9,0
1,1979,8,7,0
1,1980,3,965,0
1,1980,1,598,0
1,1980,2,549,0
1,1980,5,50,0
1,1980,9,89,0
1,1980,6,129,0
1,1980,7,165,0
1,1980,4,13,0
1,1980,8,2,0
1,1981,1,394,0
1,1981,6,115,0
1,1981,3,1058,0
1,1981,2,650,0
1,1981,7,138,0
1,1981,9,65,0
1,1981,8,2,0
1,1981,5,30,0
1,1981,4,18,0
1,1982,3,1080,0
1,1982,9,68,0
1,1982,7,143,0
1,1982,5,50,0
1,1982,2,611,0
1,1982,6,95,0
1,1982,1,351,0
1,1982,4,7,0
1,1982,8,3,0
1,1983,3,1191,0
1,1983,7,138,0
1,1983,9,103,0
1,1983,1,343,0
1,1983,2,746,0
1,1983,5,26,0
1,1983,6,114,0
1,1983,4,7,0
1,1983,8,2,0
1,1984,1,411,0
1,1984,3,1696,0
1,1984,2,697,0
1,1984,5,26,0
1,1984,7,155,0
1,1984,9,127,0
1,1984,6,67,0
1,1984,4,13,0
1,1984,8,6,0
1,1985,3,1405,0
1,1985,9,114,0
1,1985,2,559,0
1,1985,7,133,0
1,1985,1,292,0
1,1985,6,110,0
1,1985,5,51,0
1,1985,4,13,0
1,1985,8,3,0
1,1986,3,1455,0
1,1986,2,509,0
1,1986,1,356,0
1,1986,5,27,0
1,1986,6,84,0
1,1986,8,5,0
1,1986,7,137,0
1,1986,9,103,0
1,1986,4,3,0
1,1987,9,151,0
1,1987,3,1397,0
1,1987,2,729,0
1,1987,1,480,0
1,1987,7,117,0
1,1987,6,86,0
1,1987,5,24,0
1,1987,8,2,0
1,1987,4,2,0
1,1988,3,1585,0
1,1988,2,813,0
1,1988,1,766,0
1,1988,6,93,0
1,1988,9,35,0
1,1988,7,150,0
1,1988,5,15,0
1,1988,8,5,0
1,1988,4,8,0
1,1989,7,233,0
1,1989,1,942,0
1,1989,2,1031,0
1,1989,3,1762,0
1,1989,6,125,0
1,1989,5,18,0
1,1989,9,17,0
1,1989,8,6,0
1,1989,4,13,0
1,1990,6,152,0
1,1990,3,1635,0
1,1990,1,843,0
1,1990,2,795,0
1,1990,7,181,0
1,1990,9,12,0
1,1990,5,16,0
1,1990,4,8,0
1,1990,8,6,0
1,1991,1,705,0
1,1991,2,1155,0
1,1991,3,1880,0
1,1991,7,344,0
1,1991,6,206,0
1,1991,5,14,0
1,1991,4,23,0
1,1991,9,63,0
1,1991,8,14,0
1,1992,1,1064,0
1,1992,2,1228,0
1,1992,3,1667,0
1,1992,7,466,0
1,1992,9,183,0
1,1992,8,46,0
1,1992,6,133,0
1,1992,5,21,0
1,1992,4,23,0
1,1993,1,1,0
1,1994,3,857,0
1,1994,1,572,0
1,1994,9,181,0
1,1994,7,122,0
1,1994,5,28,0
1,1994,2,601,0
1,1994,8,44,0
1,1994,6,145,0
1,1994,4,27,0
1,1995,7,276,0
1,1995,1,716,0
1,1995,3,730,0
1,1995,9,204,0
1,1995,2,720,0
1,1995,4,30,0
1,1995,6,126,0
1,1995,8,105,0
1,1995,5,13,0
1,1996,3,1188,0
1,1996,1,473,0
1,1996,2,599,0
1,1996,7,215,0
1,1996,9,239,0
1,1996,4,20,0
1,1996,6,140,0
1,1996,5,12,0
1,1996,8,23,0
1,1997,2,748,0
1,1997,7,137,0
1,1997,3,1085,0
1,1997,1,398,0
1,1997,9,319,0
1,1997,4,16,0
1,1997,6,268,0
1,1997,8,24,0
1,1997,5,3,0
1,1998,2,240,0
1,1998,3,496,0
1,1998,7,56,0
1,1998,9,20,0
1,1998,1,24,0
1,1998,6,41,0
1,1998,8,11,0
1,1998,4,3,0
1,1999,2,353,0
1,1999,3,639,0
1,1999,1,60,0
1,1999,8,34,0
1,1999,6,98,0
1,1999,7,108,0
1,1999,5,6,0
1,1999,4,6,0
1,1999,9,36,0
1,2000,2,489,0
1,2000,6,113,0
1,2000,3,892,0
1,2000,7,110,0
1,2000,9,43,0
1,2000,8,25,0
1,2000,1,100,0
1,2000,4,7,0
1,2000,5,3,0
1,2001,9,41,0
1,2001,3,798,0
1,2001,6,140,0
1,2001,7,147,0
1,2001,2,580,0
1,2001,1,125,0
1,2001,4,14,0
1,2001,8,41,0
1,2001,5,4,0
1,2002,3,708,0
1,2002,2,363,0
1,2002,6,75,0
1,2002,7,49,0
1,2002,1,72,0
1,2002,4,6,0
1,2002,9,23,0
1,2002,8,9,0
1,2002,5,4,0
1,2003,2,312,0
1,2003,3,685,0
1,2003,7,87,0
1,2003,6,44,0
1,2003,1,86,0
1,2003,9,26,0
1,2003,8,19,0
1,2003,4,3,0
1,2003,5,1,0
1,2004,6,67,0
1,2004,3,657,0
1,2004,2,249,0
1,2004,1,99,0
1,2004,9,25,0
1,2004,7,32,0
1,2004,8,4,0
1,2004,5,3,0
1,2004,4,1,0
1,2005,3,1051,0
1,2005,2,505,0
1,2005,9,38,0
1,2005,1,225,0
1,2005,7,49,0
1,2005,6,108,0
1,2005,4,2,0
1,2005,8,6,0
1,2006,7,104,0
1,2006,3,1489,0
1,2006,2,727,0
1,2006,1,139,0
1,2006,6,197,0
1,2006,9,38,0
1,2006,8,15,0
1,2006,5,6,0
1,2006,4,1,0
1,2007,6,216,0
1,2007,3,1852,0
1,2007,7,107,0
1,2007,9,29,0
1,2007,2,836,0
1,2007,1,139,0
1,2007,4,7,0
1,2007,8,5,0
1,2007,5,6,0
1,2008,2,1077,0
1,2008,3,2646,0
1,2008,1,219,0
1,2008,6,377,0
1,2008,7,283,0
1,2008,9,103,0
1,2008,5,5,0
1,2008,4,14,0
1,2008,8,31,0
1,2009,3,2563,0
1,2009,2,1115,0
1,2009,8,19,0
1,2009,1,228,0
1,2009,9,134,0
1,2009,6,274,0
1,2009,7,347,0
1,2009,5,4,0
1,2009,4,23,0
1,2010,3,2509,0
1,2010,6,390,0
1,2010,2,1112,0
1,2010,1,359,0
1,2010,7,292,0
1,2010,9,115,0
1,2010,4,13,0
1,2010,5,8,0
1,2010,8,21,0
1,2011,3,2578,0
1,2011,1,342,0
1,2011,7,240,0
1,2011,2,1388,0
1,2011,6,361,0
1,2011,4,9,0
1,2011,9,111,0
1,2011,8,20,0
1,2011,5,2,0
1,2012,3,5058,0
1,2012,2,2078,0
1,2012,6,346,0
1,2012,1,458,0
1,2012,7,307,0
1,2012,9,176,0
1,2012,4,5,0
1,2012,8,30,0
1,2012,5,18,0
1,2013,3,6642,0
1,2013,2,2938,0
1,2013,1,847,0
1,2013,6,611,0
1,2013,7,562,0
1,2013,8,39,0
1,2013,9,250,0
1,2013,5,25,0
1,2013,4,16,0
1,2014,3,8750,0
1,2014,6,1378,0
1,2014,2,4059,0
1,2014,9,771,0
1,2014,1,913,0
1,2014,7,779,0
1,2014,5,46,0
1,2014,8,53,0
1,2014,4,48,0
1,2015,3,7636,0
1,2015,7,698,0
1,2015,1,926,0
1,2015,2,3359,0
1,2015,6,1153,0
1,2015,9,884,0
1,2015,5,82,0
1,2015,4,37,0
1,2015,8,95,0
1,2016,3,7116,0
1,2016,6,1118,0
1,2016,2,2725,0
1,2016,8,73,0
1,2016,7,692,0
1,2016,1,822,0
1,2016,9,919,0
1,2016,5,62,0
1,2016,4,43,0
1,2017,2,2372,0
1,2017,3,5031,0
1,2017,9,826,0
1,2017,6,894,0
1,2017,1,818,0
1,2017,4,58,0
1,2017,8,100,0
1,2017,7,754,0
1,2017,5,82,0
1,2018,3,3518,0
1,2018,1,795,0
1,2018,2,2524,0
1,2018,9,966,0
1,2018,6,941,0
1,2018,7,654,0
1,2018,8,80,0
1,2018,5,55,0
1,2018,4,28,0
2,1970,14,57,0
2,1970,7,54,0
2,1970,10,8,0
2,1970,3,81,0
2,1970,21,16,0
2,1970,4,85,0
2,1970,2,78,0
2,1970,6,24,0
2,1970,1,134,0
2,1970,8,62,0
2,1970,22,1,0
2,1970,15,13,0
2,1970,20,4,0
2,1970,19,2,0
2,1970,18,2,0
2,1970,12,8,0
2,1970,16,7,0
2,1970,9,2,0
2,1970,17,4,0
2,1970,13,1,0
2,1971,14,23,0
2,1971,3,38,0
2,1971,4,102,0
2,1971,12,2,0
2,1971,7,35,0
2,1971,8,39,0
2,1971,1,128,0
2,1971,2,45,0
2,1971,6,10,0
2,1971,10,12,0
2,1971,21,10,0
2,1971,15,4,0
2,1971,17,1,0
2,1971,22,2,0
2,1971,19,4,0
2,1971,18,3,0
2,1971,16,3,0
2,1971,11,2,0
2,1972,6,21,0
2,1972,1,76,0
2,1972,14,146,0
2,1972,4,143,0
2,1972,2,27,0
2,1972,3,26,0
2,1972,7,68,0
2,1972,12,5,0
2,1972,8,6,0
2,1972,19,3,0
2,1972,18,4,0
2,1972,11,1,0
2,1972,21,7,0
2,1972,17,12,0
2,1972,10,5,0
2,1972,22,1,0
2,1973,14,125,0
2,1973,4,89,0
2,1973,1,80,0
2,1973,2,22,0
2,1973,3,29,0
2,1973,13,3,0
2,1973,8,5,0
2,1973,15,2,0
2,1973,7,57,0
2,1973,6,20,0
2,1973,17,19,0
2,1973,11,3,0
2,1973,21,4,0
2,1973,12,2,0
2,1973,19,2,0
2,1973,10,3,0
2,1974,2,35,0
2,1974,1,176,0
2,1974,6,20,0
2,1974,4,60,0
2,1974,19,7,0
2,1974,14,130,0
2,1974,7,58,0
2,1974,3,41,0
2,1974,15,7,0
2,1974,11,2,0
2,1974,10,9,0
2,1974,21,5,0
2,1974,17,15,0
2,1974,8,3,0
2,1974,12,3,0
2,1974,20,2,0
2,1974,16,4,0
2,1975,6,18,0
2,1975,14,134,0
2,1975,1,202,0
2,1975,7,70,0
2,1975,3,69,0
2,1975,10,16,0
2,1975,4,47,0
2,1975,2,63,0
2,1975,15,8,0
2,1975,17,29,0
2,1975,8,5,0
2,1975,21,19,0
2,1975,18,4,0
2,1975,12,3,0
2,1975,19,25,0
2,1975,22,3,0
2,1975,9,2,0
2,1975,13,2,0
2,1975,11,3,0
2,1975,16,3,0
2,1975,20,2,0
2,1976,4,92,0
2,1976,2,103,0
2,1976,7,107,0
2,1976,3,83,0
2,1976,10,25,0
2,1976,14,155,0
2,1976,1,209,0
2,1976,19,15,0
2,1976,11,5,0
2,1976,15,7,0
2,1976,22,13,0
2,1976,6,42,0
2,1976,21,9,0
2,1976,12,2,0
2,1976,8,14,0
2,1976,17,13,0
2,1976,20,3,0
2,1976,18,2,0
2,1976,16,1,0
2,1977,8,31,0
2,1977,1,401,0
2,1977,10,52,0
2,1977,4,82,0
2,1977,16,12,0
2,1977,14,218,0
2,1977,6,30,0
2,1977,17,9,0
2,1977,2,177,0
2,1977,7,60,0
2,1977,19,40,0
2,1977,22,10,0
2,1977,3,107,0
2,1977,21,36,0
2,1977,20,7,0
2,1977,13,1,0
2,1977,5,4,0
2,1977,15,10,0
2,1977,18,4,0
2,1977,9,1,0
2,1978,14,134,0
2,1978,1,415,0
2,1978,2,230,0
2,1978,22,13,0
2,1978,15,15,0
2,1978,21,33,0
2,1978,7,59,0
2,1978,17,18,0
2,1978,10,56,0
2,1978,19,35,0
2,1978,3,222,0
2,1978,6,35,0
2,1978,5,6,0
2,1978,4,108,0
2,1978,8,35,0
2,1978,9,5,0
2,1978,12,4,0
2,1978,16,16,0
2,1978,20,9,0
2,1978,13,1,0
2,1978,18,5,0
2,1978,11,1,0
2,1979,10,84,0
2,1979,1,574,0
2,1979,2,456,0
2,1979,15,40,0
2,1979,3,299,0
2,1979,4,208,0
2,1979,14,370,0
2,1979,19,94,0
2,1979,8,54,0
2,1979,22,11,0
2,1979,21,25,0
2,1979,6,65,0
2,1979,17,18,0
2,1979,7,88,0
2,1979,16,30,0
2,1979,18,16,0
2,1979,20,83,0
2,1979,12,8,0
2,1979,5,1,0
2,1979,11,8,0
2,1979,9,1,0
2,1980,2,355,0
2,1980,1,563,0
2,1980,14,415,0
2,1980,4,260,0
2,1980,10,116,0
2,1980,7,128,0
2,1980,8,114,0
2,1980,6,63,0
2,1980,3,251,0
2,1980,15,49,0
2,1980,17,26,0
2,1980,21,37,0
2,1980,19,109,0
2,1980,22,20,0
2,1980,20,27,0
2,1980,12,6,0
2,1980,9,4,0
2,1980,18,8,0
2,1980,5,3,0
2,1980,16,6,0
2,1981,17,24,0
2,1981,14,380,0
2,1981,16,32,0
2,1981,1,386,0
2,1981,20,16,0
2,1981,7,119,0
2,1981,6,67,0
2,1981,2,280,0
2,1981,21,153,0
2,1981,3,250,0
2,1981,10,59,0
2,1981,4,461,0
2,1981,15,30,0
2,1981,19,125,0
2,1981,9,9,0
2,1981,8,57,0
2,1981,22,7,0
2,1981,11,4,0
2,1981,18,7,0
2,1981,12,4,0
2,1982,7,107,0
2,1982,2,232,0
2,1982,21,186,0
2,1982,14,434,0
2,1982,10,58,0
2,1982,4,382,0
2,1982,3,224,0
2,1982,1,371,0
2,1982,15,34,0
2,1982,17,28,0
2,1982,19,118,0
2,1982,6,39,0
2,1982,22,7,0
2,1982,16,52,0
2,1982,20,53,0
2,1982,5,7,0
2,1982,8,51,0
2,1982,12,4,0
2,1982,11,2,0
2,1982,9,12,0
2,1982,18,7,0
2,1983,2,249,0
2,1983,6,46,0
2,1983,19,131,0
2,1983,15,41,0
2,1983,14,451,0
2,1983,21,146,0
2,1983,4,687,0
2,1983,1,379,0
2,1983,3,289,0
2,1983,10,58,0
2,1983,22,3,0
2,1983,17,14,0
2,1983,8,37,0
2,1983,7,84,0
2,1983,16,21,0
2,1983,20,14,0
2,1983,9,6,0
2,1983,12,7,0
2,1983,11,3,0
2,1983,5,3,0
2,1983,18,1,0
2,1984,14,547,0
2,1984,21,321,0
2,1984,3,291,0
2,1984,4,576,0
2,1984,1,491,0
2,1984,10,65,0
2,1984,19,221,0
2,1984,2,291,0
2,1984,11,29,0
2,1984,7,93,0
2,1984,15,58,0
2,1984,5,27,0
2,1984,8,51,0
2,1984,6,30,0
2,1984,20,21,0
2,1984,17,20,0
2,1984,16,24,0
2,1984,12,9,0
2,1984,9,11,0
2,1984,22,17,0
2,1984,18,5,0
2,1985,4,517,0
2,1985,3,297,0
2,1985,20,19,0
2,1985,19,148,0
2,1985,2,300,0
2,1985,14,353,0
2,1985,7,62,0
2,1985,5,14,0
2,1985,21,321,0
2,1985,22,3,0
2,1985,1,400,0
2,1985,8,43,0
2,1985,10,55,0
2,1985,11,11,0
2,1985,15,28,0
2,1985,9,17,0
2,1985,13,1,0
2,1985,6,52,0
2,1985,17,15,0
2,1985,12,9,0
2,1985,16,14,0
2,1985,18,1,0
2,1986,15,39,0
2,1986,4,397,0
2,1986,21,204,0
2,1986,19,150,0
2,1986,14,469,0
2,1986,2,345,0
2,1986,20,21,0
2,1986,10,35,0
2,1986,1,509,0
2,1986,3,284,0
2,1986,7,75,0
2,1986,17,18,0
2,1986,12,5,0
2,1986,8,41,0
2,1986,6,33,0
2,1986,22,3,0
2,1986,5,13,0
2,1986,9,17,0
2,1986,18,5,0
2,1986,16,15,0
2,1986,11,1,0
2,1987,3,324,0
2,1987,14,490,0
2,1987,4,441,0
2,1987,19,189,0
2,1987,1,491,0
2,1987,2,498,0
2,1987,21,203,0
2,1987,6,19,0
2,1987,10,88,0
2,1987,7,46,0
2,1987,5,11,0
2,1987,20,9,0
2,1987,8,35,0
2,1987,12,10,0
2,1987,17,37,0
2,1987,11,9,0
2,1987,18,7,0
2,1987,15,41,0
2,1987,22,14,0
2,1987,16,20,0
2,1987,9,4,0
2,1987,13,2,0
2,1988,21,246,0
2,1988,14,561,0
2,1988,4,528,0
2,1988,1,496,0
2,1988,19,211,0
2,1988,3,452,0
2,1988,2,589,0
2,1988,7,58,0
2,1988,15,50,0
2,1988,9,5,0
2,1988,22,60,0
2,1988,17,28,0
2,1988,8,50,0
2,1988,10,67,0
2,1988,5,7,0
2,1988,6,21,0
2,1988,20,2,0
2,1988,11,7,0
2,1988,12,14,0
2,1988,16,15,0
2,1988,18,3,0
2,1989,10,86,0
2,1989,14,732,0
2,1989,15,64,0
2,1989,4,618,0
2,1989,3,517,0
2,1989,7,69,0
2,1989,20,8,0
2,1989,2,643,0
2,1989,1,624,0
2,1989,21,249,0
2,1989,12,13,0
2,1989,16,29,0
2,1989,19,219,0
2,1989,8,105,0
2,1989,22,66,0
2,1989,9,10,0
2,1989,17,33,0
2,1989,11,13,0
2,1989,6,31,0
2,1989,18,9,0
2,1989,5,8,0
2,1989,13,1,0
2,1990,10,52,0
2,1990,2,492,0
2,1990,1,512,0
2,1990,19,237,0
2,1990,15,104,0
2,1990,3,514,0
2,1990,14,721,0
2,1990,4,399,0
2,1990,17,29,0
2,1990,8,74,0
2,1990,21,312,0
2,1990,18,9,0
2,1990,7,57,0
2,1990,6,22,0
2,1990,22,57,0
2,1990,12,7,0
2,1990,16,21,0
2,1990,9,14,0
2,1990,11,3,0
2,1990,20,3,0
2,1990,13,1,0
2,1990,5,8,0
2,1991,14,646,0
2,1991,4,657,0
2,1991,21,319,0
2,1991,3,528,0
2,1991,1,896,0
2,1991,2,508,0
2,1991,6,63,0
2,1991,19,197,0
2,1991,7,150,0
2,1991,22,73,0
2,1991,15,102,0
2,1991,12,22,0
2,1991,17,47,0
2,1991,8,50,0
2,1991,16,17,0
2,1991,10,73,0
2,1991,18,24,0
2,1991,9,7,0
2,1991,5,12,0
2,1991,11,11,0
2,1991,20,2,0
2,1992,1,819,0
2,1992,2,584,0
2,1992,14,910,0
2,1992,10,94,0
2,1992,8,85,0
2,1992,3,744,0
2,1992,19,283,0
2,1992,7,187,0
2,1992,18,16,0
2,1992,4,510,0
2,1992,17,62,0
2,1992,15,127,0
2,1992,11,20,0
2,1992,21,135,0
2,1992,5,18,0
2,1992,12,22,0
2,1992,22,77,0
2,1992,6,63,0
2,1992,16,37,0
2,1992,20,29,0
2,1992,9,9,0
2,1993,5,1,0
2,1994,6,28,0
2,1994,7,86,0
2,1994,3,289,0
2,1994,2,350,0
2,1994,14,595,0
2,1994,19,130,0
2,1994,1,398,0
2,1994,15,68,0
2,1994,4,248,0
2,1994,12,23,0
2,1994,22,77,0
2,1994,10,64,0
2,1994,21,34,0
2,1994,8,56,0
2,1994,17,35,0
2,1994,16,10,0
2,1994,18,26,0
2,1994,20,24,0
2,1994,9,2,0
2,1994,11,16,0
2,1994,13,2,0
2,1994,5,16,0
2,1995,5,24,0
2,1995,4,220,0
2,1995,15,75,0
2,1995,1,384,0
2,1995,21,50,0
2,1995,19,199,0
2,1995,10,74,0
2,1995,2,365,0
2,1995,3,378,0
2,1995,14,775,0
2,1995,6,26,0
2,1995,7,58,0
2,1995,8,49,0
2,1995,20,99,0
2,1995,22,39,0
2,1995,17,36,0
2,1995,18,24,0
2,1995,12,29,0
2,1995,16,8,0
2,1995,11,6,0
2,1995,9,2,0
2,1996,1,411,0
2,1996,4,190,0
2,1996,19,217,0
2,1996,14,614,0
2,1996,3,342,0
2,1996,15,84,0
2,1996,5,11,0
2,1996,2,454,0
2,1996,20,168,0
2,1996,21,79,0
2,1996,16,11,0
2,1996,7,60,0
2,1996,6,19,0
2,1996,18,21,0
2,1996,11,9,0
2,1996,22,57,0
2,1996,10,59,0
2,1996,17,46,0
2,1996,8,31,0
2,1996,9,4,0
2,1996,12,22,0
2,1997,3,293,0
2,1997,14,810,0
2,1997,5,18,0
2,1997,4,147,0
2,1997,2,468,0
2,1997,10,71,0
2,1997,19,167,0
2,1997,1,425,0
2,1997,15,99,0
2,1997,20,165,0
2,1997,6,25,0
2,1997,21,49,0
2,1997,17,44,0
2,1997,8,74,0
2,1997,7,51,0
2,1997,22,33,0
2,1997,12,28,0
2,1997,16,3,0
2,1997,18,20,0
2,1997,11,6,0
2,1997,9,1,0
2,1997,13,1,0
2,1998,4,73,0
2,1998,19,60,0
2,1998,14,275,0
2,1998,7,22,0
2,1998,3,98,0
2,1998,10,9,0
2,1998,1,121,0
2,1998,2,120,0
2,1998,15,40,0
2,1998,8,12,0
2,1998,5,9,0
2,1998,6,7,0
2,1998,9,2,0
2,1998,18,7,0
2,1998,21,15,0
2,1998,12,4,0
2,1998,17,6,0
2,1998,20,4,0
2,1998,16,1,0
2,1998,11,1,0
2,1998,13,1,0
2,1998,22,4,0
2,1999,14,368,0
2,1999,7,47,0
2,1999,8,39,0
2,1999,2,199,0
2,1999,15,40,0
2,1999,3,108,0
2,1999,4,149,0
2,1999,1,172,0
2,1999,19,58,0
2,1999,18,4,0
2,1999,22,12,0
2,1999,21,25,0
2,1999,10,31,0
2,1999,12,15,0
2,1999,6,12,0
2,1999,9,3,0
2,1999,5,9,0
2,1999,20,12,0
2,1999,17,26,0
2,1999,16,5,0
2,1999,11,6,0
2,2000,1,210,0
2,2000,3,160,0
2,2000,14,536,0
2,2000,21,20,0
2,2000,4,207,0
2,2000,22,11,0
2,2000,2,270,0
2,2000,19,80,0
2,2000,18,10,0
2,2000,7,50,0
2,2000,15,100,0
2,2000,5,6,0
2,2000,10,41,0
2,2000,12,13,0
2,2000,16,8,0
2,2000,17,9,0
2,2000,8,20,0
2,2000,6,15,0
2,2000,20,9,0
2,2000,11,5,0
2,2000,9,2,0
2,2001,14,669,0
2,2001,15,47,0
2,2001,10,44,0
2,2001,3,258,0
2,2001,1,200,0
2,2001,6,22,0
2,2001,2,250,0
2,2001,4,127,0
2,2001,19,93,0
2,2001,8,47,0
2,2001,12,16,0
2,2001,16,11,0
2,2001,22,10,0
2,2001,18,14,0
2,2001,20,10,0
2,2001,7,29,0
2,2001,5,2,0
2,2001,9,3,0
2,2001,17,8,0
2,2001,21,23,0
2,2001,11,7,0
2,2002,14,392,0
2,2002,4,170,0
2,2002,15,42,0
2,2002,1,154,0
2,2002,2,174,0
2,2002,3,118,0
2,2002,8,28,0
2,2002,19,93,0
2,2002,21,17,0
2,2002,10,23,0
2,2002,20,21,0
2,2002,7,25,0
2,2002,16,7,0
2,2002,18,9,0
2,2002,6,18,0
2,2002,9,1,0
2,2002,11,2,0
2,2002,12,8,0
2,2002,22,2,0
2,2002,17,5,0
2,2003,3,142,0
2,2003,21,46,0
2,2003,14,259,0
2,2003,1,145,0
2,2003,15,31,0
2,2003,2,182,0
2,2003,4,222,0
2,2003,8,25,0
2,2003,17,8,0
2,2003,7,45,0
2,2003,16,15,0
2,2003,19,62,0
2,2003,20,16,0
2,2003,22,11,0
2,2003,10,9,0
2,2003,18,10,0
2,2003,6,8,0
2,2003,12,20,0
2,2003,9,3,0
2,2003,11,2,0
2,2003,5,2,0
2,2004,10,23,0
2,2004,14,223,0
2,2004,21,30,0
2,2004,19,51,0
2,2004,3,173,0
2,2004,4,179,0
2,2004,2,163,0
2,2004,8,24,0
2,2004,7,33,0
2,2004,15,47,0
2,2004,12,19,0
2,2004,1,120,0
2,2004,11,5,0
2,2004,17,4,0
2,2004,6,6,0
2,2004,22,10,0
2,2004,20,18,0
2,2004,18,5,0
2,2004,5,1,0
2,2004,13,2,0
2,2004,16,1,0
2,2005,4,278,0
2,2005,3,371,0
2,2005,14,433,0
2,2005,1,157,0
2,2005,8,57,0
2,2005,2,328,0
2,2005,15,89,0
2,2005,5,4,0
2,2005,19,70,0
2,2005,7,41,0
2,2005,10,24,0
2,2005,21,50,0
2,2005,20,7,0
2,2005,16,11,0
2,2005,17,18,0
2,2005,9,5,0
2,2005,22,9,0
2,2005,18,11,0
2,2005,12,10,0
2,2005,6,6,0
2,2005,13,3,0
2,2005,11,2,0
2,2006,8,87,0
2,2006,14,840,0
2,2006,7,42,0
2,2006,2,367,0
2,2006,3,468,0
2,2006,4,226,0
2,2006,21,71,0
2,2006,17,20,0
2,2006,1,241,0
2,2006,15,94,0
2,2006,10,41,0
2,2006,22,12,0
2,2006,16,16,0
2,2006,19,111,0
2,2006,20,25,0
2,2006,12,22,0
2,2006,9,9,0
2,2006,18,15,0
2,2006,13,2,0
2,2006,6,5,0
2,2006,11,2,0
2,2007,10,41,0
2,2007,14,958,0
2,2007,4,350,0
2,2007,8,120,0
2,2007,21,49,0
2,2007,3,712,0
2,2007,2,329,0
2,2007,15,89,0
2,2007,1,235,0
2,2007,19,141,0
2,2007,6,13,0
2,2007,7,40,0
2,2007,11,5,0
2,2007,12,21,0
2,2007,17,29,0
2,2007,13,9,0
2,2007,18,6,0
2,2007,20,19,0
2,2007,16,9,0
2,2007,22,19,0
2,2007,5,2,0
2,2007,9,1,0
2,2008,1,499,0
2,2008,15,112,0
2,2008,3,473,0
2,2008,7,90,0
2,2008,2,715,0
2,2008,14,1598,0
2,2008,4,253,0
2,2008,17,149,0
2,2008,6,25,0
2,2008,8,161,0
2,2008,19,224,0
2,2008,10,60,0
2,2008,21,119,0
2,2008,11,7,0
2,2008,18,12,0
2,2008,20,67,0
2,2008,9,14,0
2,2008,12,60,0
2,2008,16,66,0
2,2008,5,2,0
2,2008,13,11,0
2,2008,22,38,0
2,2009,14,1666,0
2,2009,3,436,0
2,2009,19,233,0
2,2009,2,767,0
2,2009,4,128,0
2,2009,1,541,0
2,2009,22,44,0
2,2009,18,8,0
2,2009,8,216,0
2,2009,15,147,0
2,2009,21,137,0
2,2009,10,39,0
2,2009,16,56,0
2,2009,7,57,0
2,2009,13,7,0
2,2009,17,87,0
2,2009,11,9,0
2,2009,12,50,0
2,2009,20,48,0
2,2009,6,23,0
2,2009,9,7,0
2,2009,5,1,0
2,2010,14,1475,0
2,2010,8,264,0
2,2010,1,530,0
2,2010,3,559,0
2,2010,2,916,0
2,2010,19,219,0
2,2010,22,46,0
2,2010,17,128,0
2,2010,7,74,0
2,2010,12,36,0
2,2010,20,21,0
2,2010,15,125,0
2,2010,21,83,0
2,2010,4,186,0
2,2010,10,54,0
2,2010,16,55,0
2,2010,6,21,0
2,2010,9,11,0
2,2010,13,6,0
2,2010,18,5,0
2,2010,11,5,0
2,2011,14,1434,0
2,2011,3,727,0
2,2011,2,868,0
2,2011,15,136,0
2,2011,1,509,0
2,2011,17,147,0
2,2011,8,219,0
2,2011,9,10,0
2,2011,4,332,0
2,2011,20,79,0
2,2011,19,217,0
2,2011,6,15,0
2,2011,7,45,0
2,2011,21,159,0
2,2011,12,40,0
2,2011,22,25,0
2,2011,10,37,0
2,2011,16,46,0
2,2011,11,2,0
2,2011,13,2,0
2,2011,18,2,0
2,2012,1,567,0
2,2012,4,1779,0
2,2012,14,1696,0
2,2012,17,188,0
2,2012,2,853,0
2,2012,20,319,0
2,2012,3,1703,0
2,2012,5,4,0
2,2012,15,252,0
2,2012,8,323,0
2,2012,16,51,0
2,2012,21,156,0
2,2012,12,42,0
2,2012,22,88,0
2,2012,10,100,0
2,2012,19,197,0
2,2012,13,6,0
2,2012,7,94,0
2,2012,9,18,0
2,2012,18,18,0
2,2012,6,21,0
2,2012,11,1,0
2,2013,3,2344,0
2,2013,14,2471,0
2,2013,19,239,0
2,2013,2,1289,0
2,2013,17,281,0
2,2013,8,351,0
2,2013,12,52,0
2,2013,20,440,0
2,2013,4,2311,0
2,2013,1,892,0
2,2013,22,195,0
2,2013,15,409,0
2,2013,21,235,0
2,2013,7,111,0
2,2013,16,59,0
2,2013,10,179,0
2,2013,18,18,0
2,2013,6,22,0
2,2013,13,14,0
2,2013,11,10,0
2,2013,9,6,0
2,2013,5,2,0
2,2014,21,337,0
2,2014,1,1100,0
2,2014,14,4310,0
2,2014,20,913,0
2,2014,12,81,0
2,2014,4,3710,0
2,2014,3,2606,0
2,2014,2,1576,0
2,2014,22,137,0
2,2014,15,428,0
2,2014,19,345,0
2,2014,8,345,0
2,2014,7,159,0
2,2014,17,361,0
2,2014,10,223,0
2,2014,6,60,0
2,2014,13,18,0
2,2014,16,48,0
2,2014,11,13,0
2,2014,9,21,0
2,2014,18,6,0
2,2015,8,291,0
2,2015,15,403,0
2,2015,17,318,0
2,2015,1,1128,0
2,2015,14,4154,0
2,2015,2,1154,0
2,2015,3,2121,0
2,2015,4,2949,0
2,2015,19,389,0
2,2015,20,947,0
2,2015,7,151,0
2,2015,10,161,0
2,2015,21,256,0
2,2015,12,59,0
2,2015,22,256,0
2,2015,16,46,0
2,2015,9,17,0
2,2015,6,34,0
2,2015,11,7,0
2,2015,13,19,0
2,2015,18,5,0
2,2015,5,5,0
2,2016,14,4380,0
2,2016,3,1698,0
2,2016,1,926,0
2,2016,4,2586,0
2,2016,12,47,0
2,2016,10,139,0
2,2016,22,82,0
2,2016,2,1016,0
2,2016,8,214,0
2,2016,20,1064,0
2,2016,7,92,0
2,2016,19,227,0
2,2016,15,296,0
2,2016,9,11,0
2,2016,17,315,0
2,2016,21,348,0
2,2016,18,8,0
2,2016,6,28,0
2,2016,11,32,0
2,2016,16,46,0
2,2016,13,14,0
2,2016,5,1,0
2,2017,1,766,0
2,2017,3,1544,0
2,2017,15,234,0
2,2017,4,2353,0
2,2017,8,157,0
2,2017,14,2973,0
2,2017,20,995,0
2,2017,2,943,0
2,2017,19,137,0
2,2017,17,176,0
2,2017,22,147,0
2,2017,11,14,0
2,2017,7,97,0
2,2017,10,130,0
2,2017,21,148,0
2,2017,12,51,0
2,2017,6,10,0
2,2017,16,30,0
2,2017,9,11,0
2,2017,13,7,0
2,2017,18,11,0
2,2017,5,1,0
2,2018,14,2689,0
2,2018,1,590,0
2,2018,3,1497,0
2,2018,4,1968,0
2,2018,2,976,0
2,2018,20,547,0
2,2018,15,248,0
2,2018,22,92,0
2,2018,8,168,0
2,2018,7,87,0
2,2018,19,127,0
2,2018,11,17,0
2,2018,17,166,0
2,2018,16,40,0
2,2018,21,131,0
2,2018,10,115,0
2,2018,12,48,0
2,2018,6,21,0
2,2018,13,11,0
2,2018,18,9,0
2,2018,9,13,0
2,2018,5,1,0
3,1970,13,43,0
3,1970,6,337,0
3,1970,8,176,0
3,1970,5,80,0
3,1970,2,3,0
3,1970,9,2,0
3,1970,11,1,0
3,1970,10,1,0
3,1971,8,92,0
3,1971,6,241,0
3,1971,13,26,0
3,1971,5,101,0
3,1971,9,2,0
3,1971,2,1,0
3,1972,6,255,0
3,1972,13,20,0
3,1972,5,248,0
3,1972,8,22,0
3,1972,9,5,0
3,1972,7,1,0
3,1973,5,201,0
3,1973,13,43,0
3,1973,8,49,0
3,1973,6,161,0
3,1973,2,4,0
3,1973,9,7,0
3,1974,13,36,0
3,1974,6,296,0
3,1974,5,190,0
3,1974,8,43,0
3,1974,3,1,0
3,1974,9,6,0
3,1974,2,4,0
3,1974,7,1,0
3,1975,6,373,0
3,1975,8,74,0
3,1975,5,246,0
3,1975,13,28,0
3,1975,9,3,0
3,1975,2,3,0
3,1976,13,47,0
3,1976,6,410,0
3,1976,5,272,0
3,1976,8,155,0
3,1976,2,2,0
3,1976,9,13,0
3,1976,12,1,0
3,1977,6,629,0
3,1977,5,311,0
3,1977,13,82,0
3,1977,8,262,0
3,1977,9,7,0
3,1977,2,1,0
3,1978,13,153,0
3,1978,8,206,0
3,1978,6,638,0
3,1978,5,435,0
3,1978,9,19,0
3,1978,2,2,0
3,1978,11,2,0
3,1979,13,413,0
3,1979,6,1050,0
3,1979,5,833,0
3,1979,8,208,0
3,1979,9,16,0
3,1979,7,1,0
3,1979,12,4,0
3,1979,11,2,0
3,1979,2,4,0
3,1979,3,1,0
3,1979,10,1,0
3,1980,6,956,0
3,1980,13,332,0
3,1980,5,1090,0
3,1980,8,170,0
3,1980,9,8,0
3,1980,7,1,0
3,1980,12,1,0
3,1980,2,2,0
3,1981,13,268,0
3,1981,6,1045,0
3,1981,5,1008,0
3,1981,8,137,0
3,1981,9,6,0
3,1981,11,5,0
3,1981,1,1,0
3,1982,6,1072,0
3,1982,13,246,0
3,1982,5,885,0
3,1982,8,183,0
3,1982,9,19,0
3,1982,12,2,0
3,1982,11,1,0
3,1983,6,1176,0
3,1983,8,118,0
3,1983,5,1068,0
3,1983,13,294,0
3,1983,9,14,0
3,1984,13,345,0
3,1984,6,1604,0
3,1984,8,165,0
3,1984,5,1048,0
3,1984,9,20,0
3,1984,11,5,0
3,1984,2,3,0
3,1984,10,3,0
3,1984,1,4,0
3,1984,12,1,0
3,1985,6,1404,0
3,1985,13,292,0
3,1985,5,822,0
3,1985,8,150,0
3,1985,9,10,0
3,1985,3,1,0
3,1985,10,1,0
3,1986,13,356,0
3,1986,6,1409,0
3,1986,5,719,0
3,1986,9,22,0
3,1986,8,169,0
3,1986,11,2,0
3,1986,10,1,0
3,1986,2,1,0
3,1987,13,308,0
3,1987,6,1352,0
3,1987,5,1142,0
3,1987,8,170,0
3,1987,9,11,0
3,1987,10,1,0
3,1987,2,2,0
3,1987,11,2,0
3,1988,6,1594,0
3,1988,5,1531,0
3,1988,13,146,0
3,1988,8,168,0
3,1988,9,23,0
3,1988,10,1,0
3,1988,2,3,0
3,1988,11,3,0
3,1988,12,1,0
3,1989,8,307,0
3,1989,5,1822,0
3,1989,6,1835,0
3,1989,13,91,0
3,1989,9,86,0
3,1989,12,1,0
3,1989,11,1,0
3,1989,10,1,0
3,1989,2,3,0
3,1990,5,1539,0
3,1990,6,1688,0
3,1990,13,42,0
3,1990,8,280,0
3,1990,9,89,0
3,1990,2,2,0
3,1990,11,4,0
3,1990,1,2,0
3,1990,10,1,0
3,1990,12,1,0
3,1991,5,1858,0
3,1991,6,1926,0
3,1991,8,382,0
3,1991,13,123,0
3,1991,12,5,0
3,1991,7,2,0
3,1991,9,100,0
3,1991,10,4,0
3,1991,2,4,0
3,1992,6,1691,0
3,1992,5,2009,0
3,1992,8,532,0
3,1992,13,328,0
3,1992,9,251,0
3,1992,2,4,0
3,1992,12,9,0
3,1992,10,4,0
3,1992,11,3,0
3,1993,5,1,0
3,1994,6,869,0
3,1994,5,908,0
3,1994,13,452,0
3,1994,8,216,0
3,1994,9,121,0
3,1994,10,4,0
3,1994,12,2,0
3,1994,2,4,0
3,1994,7,1,0
3,1995,8,487,0
3,1995,2,13,0
3,1995,6,740,0
3,1995,13,415,0
3,1995,5,1080,0
3,1995,9,177,0
3,1995,7,5,0
3,1995,12,2,0
3,1995,11,1,0
3,1996,6,1204,0
3,1996,5,845,0
3,1996,8,348,0
3,1996,13,409,0
3,1996,9,95,0
3,1996,7,5,0
3,1996,10,3,0
3,1997,5,937,0
3,1997,8,204,0
3,1997,6,1095,0
3,1997,13,569,0
3,1997,9,185,0
3,1997,10,2,0
3,1997,2,5,0
3,1997,7,1,0
3,1998,5,241,0
3,1998,6,502,0
3,1998,9,42,0
3,1998,8,61,0
3,1998,13,32,0
3,1998,7,1,0
3,1998,2,10,0
3,1998,11,2,0
3,1999,9,47,0
3,1999,5,417,0
3,1999,6,626,0
3,1999,8,146,0
3,1999,13,82,0
3,1999,2,7,0
3,1999,12,13,0
3,1999,10,1,0
3,1999,11,1,0
3,2000,5,545,0
3,2000,6,929,0
3,2000,8,134,0
3,2000,13,101,0
3,2000,9,52,0
3,2000,2,7,0
3,2000,11,2,0
3,2000,3,10,0
3,2000,12,1,0
3,2000,7,1,0
3,2001,13,110,0
3,2001,6,817,0
3,2001,8,139,0
3,2001,5,733,0
3,2001,9,55,0
3,2001,2,10,0
3,2001,10,5,0
3,2001,11,3,0
3,2001,12,1,0
3,2001,1,17,0
3,2002,6,712,0
3,2002,5,410,0
3,2002,8,85,0
3,2002,13,56,0
3,2002,10,1,0
3,2002,9,34,0
3,2002,2,9,0
3,2002,12,2,0
3,2003,5,382,0
3,2003,6,697,0
3,2003,8,89,0
3,2003,9,29,0
3,2003,13,42,0
3,2003,12,1,0
3,2003,7,2,0
3,2003,2,15,0
3,2003,10,2,0
3,2003,11,2,0
3,2003,1,2,0
3,2004,5,361,0
3,2004,6,683,0
3,2004,8,28,0
3,2004,13,47,0
3,2004,9,14,0
3,2004,1,1,0
3,2004,2,2,0
3,2004,10,1,0
3,2005,6,1061,0
3,2005,5,724,0
3,2005,13,89,0
3,2005,8,71,0
3,2005,9,35,0
3,2005,1,1,0
3,2005,2,1,0
3,2005,7,1,0
3,2005,11,1,0
3,2006,8,93,0
3,2006,6,1501,0
3,2006,5,954,0
3,2006,9,60,0
3,2006,13,103,0
3,2006,11,1,0
3,2006,10,2,0
3,2006,12,2,0
3,2007,5,1083,0
3,2007,6,1862,0
3,2007,8,85,0
3,2007,13,92,0
3,2007,9,56,0
3,2007,2,9,0
3,2007,11,8,0
3,2007,12,2,0
3,2008,5,1289,0
3,2008,8,260,0
3,2008,6,2739,0
3,2008,13,338,0
3,2008,9,104,0
3,2008,12,4,0
3,2008,2,9,0
3,2008,11,10,0
3,2008,10,1,0
3,2008,7,1,0
3,2009,6,2665,0
3,2009,5,1265,0
3,2009,9,72,0
3,2009,13,331,0
3,2009,8,351,0
3,2009,12,5,0
3,2009,10,2,0
3,2009,2,8,0
3,2009,11,8,0
3,2010,6,2713,0
3,2010,13,347,0
3,2010,5,1366,0
3,2010,8,274,0
3,2010,9,99,0
3,2010,2,8,0
3,2010,10,3,0
3,2010,11,6,0
3,2010,7,2,0
3,2010,1,1,0
3,2011,6,2743,0
3,2011,5,1622,0
3,2011,8,209,0
3,2011,9,123,0
3,2011,13,327,0
3,2011,7,1,0
3,2011,11,18,0
3,2011,2,1,0
3,2011,10,4,0
3,2011,1,1,0
3,2011,12,2,0
3,2012,6,5386,0
3,2012,5,2484,0
3,2012,8,264,0
3,2012,13,264,0
3,2012,9,53,0
3,2012,11,4,0
3,2012,2,15,0
3,2012,10,4,0
3,2012,12,2,0
3,2013,6,7222,0
3,2013,5,3622,0
3,2013,8,501,0
3,2013,13,455,0
3,2013,9,99,0
3,2013,2,14,0
3,2013,12,7,0
3,2013,10,2,0
3,2013,1,3,0
3,2013,11,5,0
3,2014,6,9471,0
3,2014,13,1406,0
3,2014,5,5023,0
3,2014,9,214,0
3,2014,8,638,0
3,2014,7,2,0
3,2014,12,14,0
3,2014,10,10,0
3,2014,2,18,0
3,2014,11,1,0
3,2015,6,8355,0
3,2015,8,697,0
3,2015,5,3930,0
3,2015,9,387,0
3,2015,13,1426,0
3,2015,11,10,0
3,2015,2,23,0
3,2015,10,34,0
3,2015,12,8,0
3,2016,6,7608,0
3,2016,5,3472,0
3,2016,9,336,0
3,2016,10,14,0
3,2016,8,629,0
3,2016,13,1464,0
3,2016,2,32,0
3,2016,12,9,0
3,2016,11,6,0
3,2017,5,3152,0
3,2017,6,5471,0
3,2017,13,1267,0
3,2017,9,309,0
3,2017,2,28,0
3,2017,8,662,0
3,2017,10,23,0
3,2017,7,1,0
3,2017,11,11,0
3,2017,12,11,0
3,2018,6,3910,0
3,2018,5,3294,0
3,2018,8,642,0
3,2018,9,243,0
3,2018,13,1415,0
3,2018,12,13,0
3,2018,10,16,0
3,2018,11,17,0
3,2018,2,11,0
4,1970,1,0,17
4,1970,6,0,10
4,1970,3,0,60
4,1970,7,0,9
4,1970,2,0,36
4,1970,4,0,1
4,1970,9,0,3
4,1970,8,0,0
4,1970,5,0,0
4,1971,7,0,1
4,1971,3,0,79
4,1971,6,0,1
4,1971,1,0,73
4,1971,2,0,14
4,1971,4,0,0
4,1971,9,0,4
4,1971,5,0,0
4,1972,3,0,255
4,1972,6,0,12
4,1972,2,0,58
4,1972,1,0,208
4,1972,7,0,1
4,1972,4,0,5
4,1972,5,0,0
4,1972,9,0,1
4,1973,1,0,169
4,1973,2,0,41
4,1973,6,0,11
4,1973,3,0,75
4,1973,7,0,0
4,1973,5,0,38
4,1973,8,0,0
4,1973,9,0,0
4,1973,4,0,34
4,1974,6,0,13
4,1974,3,0,286
4,1974,1,0,161
4,1974,7,0,0
4,1974,2,0,33
4,1974,4,0,1
4,1974,5,0,35
4,1974,8,0,1
4,1974,9,0,7
4,1975,3,0,136
4,1975,2,0,224
4,1975,1,0,210
4,1975,5,0,35
4,1975,7,0,0
4,1975,6,0,8
4,1975,4,0,0
4,1975,9,0,2
4,1976,9,0,2
4,1976,3,0,215
4,1976,2,0,141
4,1976,1,0,232
4,1976,7,0,6
4,1976,6,0,8
4,1976,8,0,0
4,1976,4,0,27
4,1976,5,0,16
4,1977,3,0,31
4,1977,1,0,133
4,1977,6,0,20
4,1977,7,0,2
4,1977,2,0,137
4,1977,9,0,10
4,1977,5,0,1
4,1977,4,0,107
4,1978,6,0,21
4,1978,7,0,434
4,1978,3,0,317
4,1978,1,0,247
4,1978,5,0,52
4,1978,2,0,256
4,1978,8,0,7
4,1978,9,0,48
4,1979,9,0,143
4,1979,3,0,543
4,1979,6,0,79
4,1979,1,0,481
4,1979,2,0,511
4,1979,5,0,13
4,1979,7,0,40
4,1979,4,0,0
4,1979,8,0,3
4,1980,3,0,713
4,1980,1,0,693
4,1980,2,0,2456
4,1980,5,0,9
4,1980,9,0,166
4,1980,6,0,99
4,1980,7,0,18
4,1980,4,0,0
4,1980,8,0,5
4,1981,1,0,452
4,1981,6,0,47
4,1981,3,0,987
4,1981,2,0,2769
4,1981,7,0,23
4,1981,9,0,226
4,1981,8,0,1
4,1981,5,0,8
4,1981,4,0,9
4,1982,3,0,833
4,1982,9,0,149
4,1982,7,0,15
4,1982,5,0,26
4,1982,2,0,3236
4,1982,6,0,31
4,1982,1,0,589
4,1982,4,0,2
4,1982,8,0,2
4,1983,3,0,1556
4,1983,7,0,19
4,1983,9,0,357
4,1983,1,0,454
4,1983,2,0,5532
4,1983,5,0,1
4,1983,6,0,26
4,1983,4,0,0
4,1983,8,0,0
4,1984,1,0,535
4,1984,3,0,1488
4,1984,2,0,5218
4,1984,5,0,201
4,1984,7,0,85
4,1984,9,0,922
4,1984,6,0,47
4,1984,4,0,26
4,1984,8,0,0
4,1985,3,0,1786
4,1985,9,0,269
4,1985,2,0,3297
4,1985,7,0,79
4,1985,1,0,371
4,1985,6,0,30
4,1985,5,0,19
4,1985,4,0,83
4,1985,8,0,5
4,1986,3,0,1040
4,1986,2,0,1711
4,1986,1,0,446
4,1986,5,0,2
4,1986,6,0,137
4,1986,8,0,3
4,1986,7,0,309
4,1986,9,0,839
4,1986,4,0,84
4,1987,9,0,471
4,1987,3,0,1662
4,1987,2,0,3180
4,1987,1,0,678
4,1987,7,0,5
4,1987,6,0,16
4,1987,5,0,6
4,1987,8,0,21
4,1987,4,0,1
4,1988,3,0,1642
4,1988,2,0,3275
4,1988,1,0,1126
4,1988,6,0,73
4,1988,9,0,87
4,1988,7,0,28
4,1988,5,0,0
4,1988,8,0,1
4,1988,4,0,6
4,1989,7,0,16
4,1989,1,0,1305
4,1989,2,0,4365
4,1989,3,0,1660
4,1989,6,0,94
4,1989,5,0,21
4,1989,9,0,38
4,1989,8,0,18
4,1989,4,0,3
4,1990,6,0,371
4,1990,3,0,976
4,1990,1,0,1094
4,1990,2,0,3937
4,1990,7,0,9
4,1990,9,0,52
4,1990,5,0,0
4,1990,4,0,10
4,1990,8,0,21
4,1991,1,0,928
4,1991,2,0,5105
4,1991,3,0,1455
4,1991,7,0,39
4,1991,6,0,106
4,1991,5,0,11
4,1991,4,0,5
4,1991,9,0,39
4,1991,8,0,5
4,1992,1,0,1459
4,1992,2,0,5124
4,1992,3,0,1554
4,1992,7,0,116
4,1992,9,0,196
4,1992,8,0,5
4,1992,6,0,46
4,1992,5,0,6
4,1992,4,0,3
4,1993,1,0,0
4,1994,3,0,1057
4,1994,1,0,769
4,1994,9,0,622
4,1994,7,0,24
4,1994,5,0,56
4,1994,2,0,3338
4,1994,8,0,38
4,1994,6,0,104
4,1994,4,0,13
4,1995,7,0,35
4,1995,1,0,831
4,1995,3,0,1629
4,1995,9,0,746
4,1995,2,0,2098
4,1995,4,0,11
4,1995,6,0,76
4,1995,8,0,20
4,1995,5,0,244
4,1996,3,0,1600
4,1996,1,0,778
4,1996,2,0,2081
4,1996,7,0,16
4,1996,9,0,1298
4,1996,4,0,5
4,1996,6,0,89
4,1996,5,0,147
4,1996,8,0,11
4,1997,2,0,5387
4,1997,7,0,44
4,1997,3,0,1627
4,1997,1,0,642
4,1997,9,0,2070
4,1997,4,0,0
4,1997,6,0,78
4,1997,8,0,7
4,1997,5,0,4
4,1998,2,0,1989
4,1998,3,0,1410
4,1998,7,0,39
4,1998,9,0,475
4,1998,1,0,40
4,1998,6,0,63
4,1998,8,0,101
4,1998,4,0,1
4,1999,2,0,1730
4,1999,3,0,1081
4,1999,1,0,74
4,1999,8,0,68
4,1999,6,0,93
4,1999,7,0,29
4,1999,5,0,0
4,1999,4,0,7
4,1999,9,0,169
4,2000,2,0,1939
4,2000,6,0,207
4,2000,3,0,1252
4,2000,7,0,152
4,2000,9,0,354
4,2000,8,0,201
4,2000,1,0,210
4,2000,4,0,0
4,2000,5,0,0
4,2001,9,0,372
4,2001,3,0,986
4,2001,6,0,256
4,2001,7,0,133
4,2001,2,0,2457
4,2001,1,0,143
4,2001,4,0,3008
4,2001,8,0,20
4,2001,5,0,17
4,2002,3,0,1737
4,2002,2,0,2296
4,2002,6,0,97
4,2002,7,0,1
4,2002,1,0,109
4,2002,4,0,6
4,2002,9,0,248
4,2002,8,0,10
4,2002,5,0,170
4,2003,2,0,1297
4,2003,3,0,1668
4,2003,7,0,2
4,2003,6,0,56
4,2003,1,0,137
4,2003,9,0,115
4,2003,8,0,13
4,2003,4,0,0
4,2003,5,0,6
4,2004,6,0,52
4,2004,3,0,3103
4,2004,2,0,1704
4,2004,1,0,163
4,2004,9,0,193
4,2004,7,0,28
4,2004,8,0,0
4,2004,5,0,370
4,2004,4,0,46
4,2005,3,0,3867
4,2005,2,0,1697
4,2005,9,0,173
4,2005,1,0,349
4,2005,7,0,16
4,2005,6,0,133
4,2005,4,0,12
4,2005,8,0,4
4,2006,7,0,67
4,2006,3,0,5858
4,2006,2,0,2592
4,2006,1,0,242
4,2006,6,0,251
4,2006,9,0,155
4,2006,8,0,2
4,2006,5,0,1
4,2006,4,0,0
4,2007,6,0,439
4,2007,3,0,8662
4,2007,7,0,117
4,2007,9,0,161
4,2007,2,0,3097
4,2007,1,0,190
4,2007,4,0,1
4,2007,8,0,2
4,2007,5,0,10
4,2008,2,0,2813
4,2008,3,0,5257
4,2008,1,0,365
4,2008,6,0,229
4,2008,7,0,37
4,2008,9,0,226
4,2008,5,0,109
4,2008,4,0,23
4,2008,8,0,13
4,2009,3,0,5066
4,2009,2,0,2259
4,2009,8,0,9
4,2009,1,0,415
4,2009,9,0,691
4,2009,6,0,364
4,2009,7,0,447
4,2009,5,0,0
4,2009,4,0,2
4,2010,3,0,4391
4,2010,6,0,273
4,2010,2,0,2079
4,2010,1,0,479
4,2010,7,0,34
4,2010,9,0,396
4,2010,4,0,1
4,2010,5,0,149
4,2010,8,0,7
4,2011,3,0,4585
4,2011,1,0,481
4,2011,7,0,46
4,2011,2,0,2477
4,2011,6,0,274
4,2011,4,0,2
4,2011,9,0,338
4,2011,8,0,6
4,2011,5,0,7
4,2012,3,0,8175
4,2012,2,0,5208
4,2012,6,0,646
4,2012,1,0,553
4,2012,7,0,88
4,2012,9,0,715
4,2012,4,0,0
4,2012,8,0,9
4,2012,5,0,65
4,2013,3,0,12240
4,2013,2,0,7290
4,2013,1,0,831
4,2013,6,0,840
4,2013,7,0,139
4,2013,8,0,2
4,2013,9,0,544
4,2013,5,0,262
4,2013,4,0,13
4,2014,3,0,15506
4,2014,6,0,7807
4,2014,2,0,15784
4,2014,9,0,3325
4,2014,1,0,987
4,2014,7,0,372
4,2014,5,0,434
4,2014,8,0,34
4,2014,4,0,27
4,2015,3,0,17040
4,2015,7,0,94
4,2015,1,0,1231
4,2015,2,0,11691
4,2015,6,0,3169
4,2015,9,0,4687
4,2015,5,0,712
4,2015,4,0,56
4,2015,8,0,32
4,2016,3,0,16009
4,2016,6,0,4602
4,2016,2,0,8354
4,2016,8,0,30
4,2016,7,0,191
4,2016,1,0,929
4,2016,9,0,4313
4,2016,5,0,381
4,2016,4,0,27
4,2017,2,0,6735
4,2017,3,0,11801
4,2017,9,0,3857
4,2017,6,0,2152
4,2017,1,0,825
4,2017,4,0,22
4,2017,8,0,72
4,2017,7,0,166
4,2017,5,0,814
4,2018,3,0,6811
4,2018,1,0,828
4,2018,2,0,7941
4,2018,9,0,4189
4,2018,6,0,2522
4,2018,7,0,432
4,2018,8,0,22
4,2018,5,0,187
4,2018,4,0,5
5,1970,14,0,24
5,1970,7,0,11
5,1970,10,0,1
5,1970,3,0,20
5,1970,21,0,0
5,1970,4,0,7
5,1970,2,0,7
5,1970,6,0,50
5,1970,1,0,5
5,1970,8,0,0
5,1970,22,0,0
5,1970,15,0,3
5,1970,20,0,2
5,1970,19,0,0
5,1970,18,0,0
5,1970,12,0,0
5,1970,16,0,0
5,1970,9,0,0
5,1970,17,0,6
5,1970,13,0,0
5,1971,14,0,10
5,1971,3,0,25
5,1971,4,0,63
5,1971,12,0,1
5,1971,7,0,4
5,1971,8,0,0
5,1971,1,0,36
5,1971,2,0,3
5,1971,6,0,25
5,1971,10,0,0
5,1971,21,0,1
5,1971,15,0,0
5,1971,17,0,1
5,1971,22,0,1
5,1971,19,0,0
5,1971,18,0,1
5,1971,16,0,0
5,1971,11,0,1
5,1972,6,0,112
5,1972,1,0,18
5,1972,14,0,180
5,1972,4,0,160
5,1972,2,0,8
5,1972,3,0,26
5,1972,7,0,7
5,1972,12,0,0
5,1972,8,0,0
5,1972,19,0,1
5,1972,18,0,0
5,1972,11,0,1
5,1972,21,0,1
5,1972,17,0,23
5,1972,10,0,2
5,1972,22,0,1
5,1973,14,0,120
5,1973,4,0,79
5,1973,1,0,12
5,1973,2,0,12
5,1973,3,0,31
5,1973,13,0,0
5,1973,8,0,1
5,1973,15,0,8
5,1973,7,0,9
5,1973,6,0,69
5,1973,17,0,25
5,1973,11,0,0
5,1973,21,0,0
5,1973,12,0,1
5,1973,19,0,1
5,1973,10,0,0
5,1974,2,0,15
5,1974,1,0,78
5,1974,6,0,92
5,1974,4,0,63
5,1974,19,0,12
5,1974,14,0,197
5,1974,7,0,4
5,1974,3,0,26
5,1974,15,0,6
5,1974,11,0,0
5,1974,10,0,1
5,1974,21,0,0
5,1974,17,0,16
5,1974,8,0,25
5,1974,12,0,1
5,1974,20,0,0
5,1974,16,0,1
5,1975,6,0,19
5,1975,14,0,128
5,1975,1,0,106
5,1975,7,0,13
5,1975,3,0,45
5,1975,10,0,12
5,1975,4,0,172
5,1975,2,0,25
5,1975,15,0,1
5,1975,17,0,52
5,1975,8,0,0
5,1975,21,0,0
5,1975,18,0,0
5,1975,12,0,0
5,1975,19,0,29
5,1975,22,0,5
5,1975,9,0,0
5,1975,13,0,0
5,1975,11,0,0
5,1975,16,0,0
5,1975,20,0,8
5,1976,4,0,54
5,1976,2,0,23
5,1976,7,0,21
5,1976,3,0,116
5,1976,10,0,1
5,1976,14,0,156
5,1976,1,0,90
5,1976,19,0,5
5,1976,11,0,2
5,1976,15,0,1
5,1976,22,0,4
5,1976,6,0,114
5,1976,21,0,0
5,1976,12,0,0
5,1976,8,0,1
5,1976,17,0,53
5,1976,20,0,4
5,1976,18,0,1
5,1976,16,0,1
5,1977,8,0,6
5,1977,1,0,54
5,1977,10,0,5
5,1977,4,0,50
5,1977,16,0,0
5,1977,14,0,80
5,1977,6,0,112
5,1977,17,0,12
5,1977,2,0,35
5,1977,7,0,2
5,1977,19,0,3
5,1977,22,0,1
5,1977,3,0,60
5,1977,21,0,0
5,1977,20,0,13
5,1977,13,0,0
5,1977,5,0,0
5,1977,15,0,3
5,1977,18,0,4
5,1977,9,0,1
5,1978,14,0,77
5,1978,1,0,525
5,1978,2,0,92
5,1978,22,0,102
5,1978,15,0,15
5,1978,21,0,4
5,1978,7,0,13
5,1978,17,0,18
5,1978,10,0,25
5,1978,19,0,61
5,1978,3,0,136
5,1978,6,0,63
5,1978,5,0,0
5,1978,4,0,202
5,1978,8,0,17
5,1978,9,0,0
5,1978,12,0,3
5,1978,16,0,2
5,1978,20,0,20
5,1978,13,0,0
5,1978,18,0,2
5,1978,11,0,5
5,1979,10,0,17
5,1979,1,0,199
5,1979,2,0,231
5,1979,15,0,40
5,1979,3,0,256
5,1979,4,0,476
5,1979,14,0,322
5,1979,19,0,91
5,1979,8,0,26
5,1979,22,0,8
5,1979,21,0,19
5,1979,6,0,57
5,1979,17,0,25
5,1979,7,0,12
5,1979,16,0,0
5,1979,18,0,2
5,1979,20,0,29
5,1979,12,0,1
5,1979,5,0,0
5,1979,11,0,2
5,1979,9,0,0
5,1980,2,0,258
5,1980,1,0,425
5,1980,14,0,675
5,1980,4,0,1643
5,1980,10,0,34
5,1980,7,0,64
5,1980,8,0,78
5,1980,6,0,14
5,1980,3,0,523
5,1980,15,0,28
5,1980,17,0,34
5,1980,21,0,34
5,1980,19,0,190
5,1980,22,0,36
5,1980,20,0,113
5,1980,12,0,9
5,1980,9,0,1
5,1980,18,0,0
5,1980,5,0,0
5,1980,16,0,0
5,1981,17,0,46
5,1981,14,0,960
5,1981,16,0,3
5,1981,1,0,226
5,1981,20,0,37
5,1981,7,0,89
5,1981,6,0,16
5,1981,2,0,224
5,1981,21,0,25
5,1981,3,0,514
5,1981,10,0,13
5,1981,4,0,2130
5,1981,15,0,36
5,1981,19,0,159
5,1981,9,0,0
5,1981,8,0,30
5,1981,22,0,10
5,1981,11,0,0
5,1981,18,0,3
5,1981,12,0,1
5,1982,7,0,47
5,1982,2,0,165
5,1982,21,0,22
5,1982,14,0,1213
5,1982,10,0,87
5,1982,4,0,2329
5,1982,3,0,322
5,1982,1,0,150
5,1982,15,0,40
5,1982,17,0,97
5,1982,19,0,67
5,1982,6,0,18
5,1982,22,0,9
5,1982,16,0,2
5,1982,20,0,284
5,1982,5,0,0
5,1982,8,0,13
5,1982,12,0,1
5,1982,11,0,6
5,1982,9,0,0
5,1982,18,0,11
5,1983,2,0,199
5,1983,6,0,123
5,1983,19,0,356
5,1983,15,0,54
5,1983,14,0,1712
5,1983,21,0,42
5,1983,4,0,4572
5,1983,1,0,179
5,1983,3,0,495
5,1983,10,0,7
5,1983,22,0,2
5,1983,17,0,34
5,1983,8,0,23
5,1983,7,0,80
5,1983,16,0,2
5,1983,20,0,61
5,1983,9,0,0
5,1983,12,0,3
5,1983,11,0,1
5,1983,5,0,0
5,1983,18,0,0
5,1984,14,0,2917
5,1984,21,0,80
5,1984,3,0,696
5,1984,4,0,3568
5,1984,1,0,210
5,1984,10,0,11
5,1984,19,0,235
5,1984,2,0,246
5,1984,11,0,307
5,1984,7,0,40
5,1984,15,0,48
5,1984,5,0,0
5,1984,8,0,12
5,1984,6,0,41
5,1984,20,0,33
5,1984,17,0,30
5,1984,16,0,20
5,1984,12,0,3
5,1984,9,0,11
5,1984,22,0,14
5,1984,18,0,0
5,1985,4,0,2568
5,1985,3,0,486
5,1985,20,0,10
5,1985,19,0,87
5,1985,2,0,342
5,1985,14,0,1322
5,1985,7,0,12
5,1985,5,0,0
5,1985,21,0,21
5,1985,22,0,3
5,1985,1,0,370
5,1985,8,0,15
5,1985,10,0,52
5,1985,11,0,3
5,1985,15,0,59
5,1985,9,0,1
5,1985,13,0,4
5,1985,6,0,423
5,1985,17,0,127
5,1985,12,0,1
5,1985,16,0,33
5,1985,18,0,0
5,1986,15,0,107
5,1986,4,0,1306
5,1986,21,0,54
5,1986,19,0,469
5,1986,14,0,1111
5,1986,2,0,252
5,1986,20,0,59
5,1986,10,0,6
5,1986,1,0,555
5,1986,3,0,320
5,1986,7,0,37
5,1986,17,0,34
5,1986,12,0,2
5,1986,8,0,46
5,1986,6,0,157
5,1986,22,0,6
5,1986,5,0,0
5,1986,9,0,30
5,1986,18,0,8
5,1986,16,0,12
5,1986,11,0,0
5,1987,3,0,555
5,1987,14,0,1660
5,1987,4,0,1999
5,1987,19,0,650
5,1987,1,0,233
5,1987,2,0,515
5,1987,21,0,21
5,1987,6,0,6
5,1987,10,0,44
5,1987,7,0,6
5,1987,5,0,0
5,1987,20,0,57
5,1987,8,0,14
5,1987,12,0,65
5,1987,17,0,34
5,1987,11,0,6
5,1987,18,0,6
5,1987,15,0,93
5,1987,22,0,74
5,1987,16,0,0
5,1987,9,0,0
5,1987,13,0,2
5,1988,21,0,38
5,1988,14,0,1792
5,1988,4,0,1849
5,1988,1,0,368
5,1988,19,0,385
5,1988,3,0,754
5,1988,2,0,473
5,1988,7,0,14
5,1988,15,0,58
5,1988,9,0,0
5,1988,22,0,80
5,1988,17,0,39
5,1988,8,0,40
5,1988,10,0,10
5,1988,5,0,0
5,1988,6,0,304
5,1988,20,0,0
5,1988,11,0,22
5,1988,12,0,11
5,1988,16,0,0
5,1988,18,0,1
5,1989,10,0,33
5,1989,14,0,2279
5,1989,15,0,92
5,1989,4,0,1990
5,1989,3,0,985
5,1989,7,0,18
5,1989,20,0,7
5,1989,2,0,517
5,1989,1,0,306
5,1989,21,0,7
5,1989,12,0,2
5,1989,16,0,4
5,1989,19,0,415
5,1989,8,0,95
5,1989,22,0,201
5,1989,9,0,5
5,1989,17,0,202
5,1989,11,0,39
5,1989,6,0,322
5,1989,18,0,1
5,1989,5,0,0
5,1989,13,0,0
5,1990,10,0,27
5,1990,2,0,369
5,1990,1,0,313
5,1990,19,0,500
5,1990,15,0,340
5,1990,3,0,1093
5,1990,14,0,2233
5,1990,4,0,1320
5,1990,17,0,99
5,1990,8,0,47
5,1990,21,0,5
5,1990,18,0,14
5,1990,7,0,7
5,1990,6,0,5
5,1990,22,0,86
5,1990,12,0,3
5,1990,16,0,1
5,1990,9,0,3
5,1990,11,0,4
5,1990,20,0,0
5,1990,13,0,1
5,1990,5,0,0
5,1991,14,0,1803
5,1991,4,0,2517
5,1991,21,0,37
5,1991,3,0,1130
5,1991,1,0,363
5,1991,2,0,598
5,1991,6,0,26
5,1991,19,0,435
5,1991,7,0,12
5,1991,22,0,250
5,1991,15,0,116
5,1991,12,0,14
5,1991,17,0,141
5,1991,8,0,60
5,1991,16,0,2
5,1991,10,0,20
5,1991,18,0,61
5,1991,9,0,70
5,1991,5,0,0
5,1991,11,0,36
5,1991,20,0,2
5,1992,1,0,448
5,1992,2,0,442
5,1992,14,0,2554
5,1992,10,0,30
5,1992,8,0,34
5,1992,3,0,1347
5,1992,19,0,578
5,1992,7,0,60
5,1992,18,0,8
5,1992,4,0,2172
5,1992,17,0,85
5,1992,15,0,149
5,1992,11,0,46
5,1992,21,0,63
5,1992,5,0,0
5,1992,12,0,7
5,1992,22,0,438
5,1992,6,0,28
5,1992,16,0,5
5,1992,20,0,13
5,1992,9,0,2
5,1993,5,0,0
5,1994,6,0,27
5,1994,7,0,56
5,1994,3,0,482
5,1994,2,0,247
5,1994,14,0,2580
5,1994,19,0,352
5,1994,1,0,359
5,1994,15,0,401
5,1994,4,0,856
5,1994,12,0,60
5,1994,22,0,350
5,1994,10,0,41
5,1994,21,0,6
5,1994,8,0,45
5,1994,17,0,38
5,1994,16,0,0
5,1994,18,0,11
5,1994,20,0,42
5,1994,9,0,0
5,1994,11,0,60
5,1994,13,0,4
5,1994,5,0,4
5,1995,5,0,0
5,1995,4,0,1026
5,1995,15,0,134
5,1995,1,0,437
5,1995,21,0,35
5,1995,19,0,215
5,1995,10,0,39
5,1995,2,0,491
5,1995,3,0,757
5,1995,14,0,1963
5,1995,6,0,2
5,1995,7,0,26
5,1995,8,0,44
5,1995,20,0,373
5,1995,22,0,52
5,1995,17,0,55
5,1995,18,0,23
5,1995,12,0,9
5,1995,16,0,4
5,1995,11,0,5
5,1995,9,0,0
5,1996,1,0,545
5,1996,4,0,699
5,1996,19,0,555
5,1996,14,0,2492
5,1996,3,0,659
5,1996,15,0,86
5,1996,5,0,0
5,1996,2,0,343
5,1996,20,0,208
5,1996,21,0,8
5,1996,16,0,5
5,1996,7,0,14
5,1996,6,0,128
5,1996,18,0,32
5,1996,11,0,14
5,1996,22,0,38
5,1996,10,0,50
5,1996,17,0,73
5,1996,8,0,12
5,1996,9,0,22
5,1996,12,0,42
5,1997,3,0,935
5,1997,14,0,5958
5,1997,5,0,0
5,1997,4,0,526
5,1997,2,0,427
5,1997,10,0,30
5,1997,19,0,445
5,1997,1,0,339
5,1997,15,0,196
5,1997,20,0,415
5,1997,6,0,3
5,1997,21,0,0
5,1997,17,0,161
5,1997,8,0,88
5,1997,7,0,32
5,1997,22,0,151
5,1997,12,0,30
5,1997,16,0,0
5,1997,18,0,81
5,1997,11,0,40
5,1997,9,0,0
5,1997,13,0,2
5,1998,4,0,875
5,1998,19,0,261
5,1998,14,0,1958
5,1998,7,0,259
5,1998,3,0,299
5,1998,10,0,1
5,1998,1,0,122
5,1998,2,0,126
5,1998,15,0,102
5,1998,8,0,19
5,1998,5,0,2
5,1998,6,0,1
5,1998,9,0,0
5,1998,18,0,6
5,1998,21,0,66
5,1998,12,0,3
5,1998,17,0,6
5,1998,20,0,3
5,1998,16,0,0
5,1998,11,0,0
5,1998,13,0,0
5,1998,22,0,9
5,1999,14,0,1664
5,1999,7,0,25
5,1999,8,0,28
5,1999,2,0,173
5,1999,15,0,107
5,1999,3,0,300
5,1999,4,0,559
5,1999,1,0,57
5,1999,19,0,115
5,1999,18,0,19
5,1999,22,0,20
5,1999,21,0,5
5,1999,10,0,24
5,1999,12,0,89
5,1999,6,0,2
5,1999,9,0,0
5,1999,5,0,0
5,1999,20,0,6
5,1999,17,0,56
5,1999,16,0,0
5,1999,11,0,2
5,2000,1,0,134
5,2000,3,0,393
5,2000,14,0,2149
5,2000,21,0,9
5,2000,4,0,909
5,2000,22,0,18
5,2000,2,0,320
5,2000,19,0,110
5,2000,18,0,7
5,2000,7,0,32
5,2000,15,0,114
5,2000,5,0,0
5,2000,10,0,22
5,2000,12,0,6
5,2000,16,0,4
5,2000,17,0,13
5,2000,8,0,12
5,2000,6,0,3
5,2000,20,0,10
5,2000,11,0,50
5,2000,9,0,0
5,2001,14,0,4946
5,2001,15,0,79
5,2001,10,0,15
5,2001,3,0,556
5,2001,1,0,244
5,2001,6,0,60
5,2001,2,0,453
5,2001,4,0,612
5,2001,19,0,279
5,2001,8,0,37
5,2001,12,0,12
5,2001,16,0,1
5,2001,22,0,23
5,2001,18,0,14
5,2001,20,0,17
5,2001,7,0,3
5,2001,5,0,0
5,2001,9,0,0
5,2001,17,0,19
5,2001,21,0,5
5,2001,11,0,17
5,2002,14,0,1906
5,2002,4,0,931
5,2002,15,0,259
5,2002,1,0,609
5,2002,2,0,324
5,2002,3,0,216
5,2002,8,0,36
5,2002,19,0,249
5,2002,21,0,1
5,2002,10,0,6
5,2002,20,0,15
5,2002,7,0,29
5,2002,16,0,3
5,2002,18,0,23
5,2002,6,0,31
5,2002,9,0,0
5,2002,11,0,0
5,2002,12,0,28
5,2002,22,0,2
5,2002,17,0,6
5,2003,3,0,307
5,2003,21,0,10
5,2003,14,0,1002
5,2003,1,0,275
5,2003,15,0,203
5,2003,2,0,263
5,2003,4,0,745
5,2003,8,0,9
5,2003,17,0,11
5,2003,7,0,69
5,2003,16,0,1
5,2003,19,0,228
5,2003,20,0,14
5,2003,22,0,27
5,2003,10,0,13
5,2003,18,0,29
5,2003,6,0,27
5,2003,12,0,28
5,2003,9,0,3
5,2003,11,0,30
5,2003,5,0,0
5,2004,10,0,32
5,2004,14,0,1080
5,2004,21,0,19
5,2004,19,0,369
5,2004,3,0,915
5,2004,4,0,799
5,2004,2,0,976
5,2004,8,0,393
5,2004,7,0,55
5,2004,15,0,303
5,2004,12,0,27
5,2004,1,0,320
5,2004,11,0,152
5,2004,17,0,10
5,2004,6,0,92
5,2004,22,0,69
5,2004,20,0,14
5,2004,18,0,7
5,2004,5,0,0
5,2004,13,0,20
5,2004,16,0,7
5,2005,4,0,949
5,2005,3,0,1332
5,2005,14,0,1942
5,2005,1,0,455
5,2005,8,0,85
5,2005,2,0,542
5,2005,15,0,445
5,2005,5,0,0
5,2005,19,0,207
5,2005,7,0,35
5,2005,10,0,25
5,2005,21,0,21
5,2005,20,0,0
5,2005,16,0,0
5,2005,17,0,31
5,2005,9,0,39
5,2005,22,0,4
5,2005,18,0,124
5,2005,12,0,11
5,2005,6,0,1
5,2005,13,0,3
5,2005,11,0,0
5,2006,8,0,77
5,2006,14,0,4092
5,2006,7,0,58
5,2006,2,0,574
5,2006,3,0,1332
5,2006,4,0,780
5,2006,21,0,249
5,2006,17,0,38
5,2006,1,0,698
5,2006,15,0,524
5,2006,10,0,43
5,2006,22,0,14
5,2006,16,0,3
5,2006,19,0,520
5,2006,20,0,22
5,2006,12,0,32
5,2006,9,0,7
5,2006,18,0,54
5,2006,13,0,31
5,2006,6,0,19
5,2006,11,0,1
5,2007,10,0,49
5,2007,14,0,5708
5,2007,4,0,1543
5,2007,8,0,204
5,2007,21,0,139
5,2007,3,0,2246
5,2007,2,0,780
5,2007,15,0,552
5,2007,1,0,534
5,2007,19,0,471
5,2007,6,0,12
5,2007,7,0,102
5,2007,11,0,15
5,2007,12,0,15
5,2007,17,0,147
5,2007,13,0,27
5,2007,18,0,17
5,2007,20,0,31
5,2007,16,0,3
5,2007,22,0,84
5,2007,5,0,0
5,2007,9,0,0
5,2008,1,0,776
5,2008,15,0,321
5,2008,3,0,1042
5,2008,7,0,146
5,2008,2,0,1127
5,2008,14,0,3458
5,2008,4,0,824
5,2008,17,0,505
5,2008,6,0,5
5,2008,8,0,61
5,2008,19,0,560
5,2008,10,0,25
5,2008,21,0,12
5,2008,11,0,2
5,2008,18,0,12
5,2008,20,0,64
5,2008,9,0,10
5,2008,12,0,50
5,2008,16,0,4
5,2008,5,0,0
5,2008,13,0,29
5,2008,22,0,39
5,2009,14,0,3868
5,2009,3,0,957
5,2009,19,0,271
5,2009,2,0,1167
5,2009,4,0,350
5,2009,1,0,652
5,2009,22,0,54
5,2009,18,0,10
5,2009,8,0,193
5,2009,15,0,1069
5,2009,21,0,45
5,2009,10,0,17
5,2009,16,0,3
5,2009,7,0,92
5,2009,13,0,13
5,2009,17,0,309
5,2009,11,0,15
5,2009,12,0,21
5,2009,20,0,110
5,2009,6,0,34
5,2009,9,0,2
5,2009,5,0,1
5,2010,14,0,2758
5,2010,8,0,48
5,2010,1,0,730
5,2010,3,0,1006
5,2010,2,0,1071
5,2010,19,0,416
5,2010,22,0,37
5,2010,17,0,308
5,2010,7,0,67
5,2010,12,0,37
5,2010,20,0,9
5,2010,15,0,548
5,2010,21,0,4
5,2010,4,0,690
5,2010,10,0,25
5,2010,16,0,1
5,2010,6,0,19
5,2010,9,0,13
5,2010,13,0,9
5,2010,18,0,11
5,2010,11,0,2
5,2011,14,0,2646
5,2011,3,0,1189
5,2011,2,0,1333
5,2011,15,0,377
5,2011,1,0,773
5,2011,17,0,227
5,2011,8,0,57
5,2011,9,0,2
5,2011,4,0,1028
5,2011,20,0,57
5,2011,19,0,296
5,2011,6,0,48
5,2011,7,0,72
5,2011,21,0,2
5,2011,12,0,35
5,2011,22,0,28
5,2011,10,0,19
5,2011,16,0,3
5,2011,11,0,3
5,2011,13,0,18
5,2011,18,0,3
5,2012,1,0,647
5,2012,4,0,4878
5,2012,14,0,3635
5,2012,17,0,473
5,2012,2,0,1097
5,2012,20,0,184
5,2012,3,0,3122
5,2012,5,0,0
5,2012,15,0,561
5,2012,8,0,157
5,2012,16,0,19
5,2012,21,0,38
5,2012,12,0,20
5,2012,22,0,96
5,2012,10,0,101
5,2012,19,0,271
5,2012,13,0,11
5,2012,7,0,82
5,2012,9,0,18
5,2012,18,0,20
5,2012,6,0,29
5,2012,11,0,0
5,2013,3,0,4544
5,2013,14,0,5786
5,2013,19,0,395
5,2013,2,0,1559
5,2013,17,0,717
5,2013,8,0,398
5,2013,12,0,44
5,2013,20,0,171
5,2013,4,0,4984
5,2013,1,0,1667
5,2013,22,0,137
5,2013,15,0,1335
5,2013,21,0,43
5,2013,7,0,208
5,2013,16,0,4
5,2013,10,0,92
5,2013,18,0,21
5,2013,6,0,31
5,2013,13,0,20
5,2013,11,0,5
5,2013,9,0,0
5,2013,5,0,0
5,2014,21,0,92
5,2014,1,0,2025
5,2014,14,0,16517
5,2014,20,0,418
5,2014,12,0,92
5,2014,4,0,12546
5,2014,3,0,6141
5,2014,2,0,1844
5,2014,22,0,151
5,2014,15,0,1147
5,2014,19,0,565
5,2014,8,0,521
5,2014,7,0,303
5,2014,17,0,1366
5,2014,10,0,80
5,2014,6,0,407
5,2014,13,0,31
5,2014,16,0,5
5,2014,11,0,2
5,2014,9,0,16
5,2014,18,0,7
5,2015,8,0,282
5,2015,15,0,1166
5,2015,17,0,1292
5,2015,1,0,1915
5,2015,14,0,12872
5,2015,2,0,2031
5,2015,3,0,4846
5,2015,4,0,11981
5,2015,19,0,538
5,2015,20,0,378
5,2015,7,0,171
5,2015,10,0,113
5,2015,21,0,147
5,2015,12,0,48
5,2015,22,0,539
5,2015,16,0,1
5,2015,9,0,16
5,2015,6,0,239
5,2015,11,0,89
5,2015,13,0,18
5,2015,18,0,27
5,2015,5,0,3
5,2016,14,0,13243
5,2016,3,0,4779
5,2016,1,0,1944
5,2016,4,0,10438
5,2016,12,0,30
5,2016,10,0,68
5,2016,22,0,74
5,2016,2,0,1424
5,2016,8,0,184
5,2016,20,0,463
5,2016,7,0,116
5,2016,19,0,384
5,2016,15,0,554
5,2016,9,0,0
5,2016,17,0,775
5,2016,21,0,175
5,2016,18,0,29
5,2016,6,0,104
5,2016,11,0,43
5,2016,16,0,0
5,2016,13,0,9
5,2016,5,0,0
5,2017,1,0,1342
5,2017,3,0,4311
5,2017,15,0,1163
5,2017,4,0,8466
5,2017,8,0,106
5,2017,14,0,7287
5,2017,20,0,457
5,2017,2,0,1246
5,2017,19,0,344
5,2017,17,0,921
5,2017,22,0,51
5,2017,11,0,15
5,2017,7,0,350
5,2017,10,0,100
5,2017,21,0,70
5,2017,12,0,137
5,2017,6,0,24
5,2017,16,0,6
5,2017,9,0,32
5,2017,13,0,3
5,2017,18,0,13
5,2017,5,0,0
5,2018,14,0,7000
5,2018,1,0,621
5,2018,3,0,4808
5,2018,4,0,6423
5,2018,2,0,1747
5,2018,20,0,279
5,2018,15,0,523
5,2018,22,0,55
5,2018,8,0,130
5,2018,7,0,206
5,2018,19,0,90
5,2018,11,0,12
5,2018,17,0,830
5,2018,16,0,15
5,2018,21,0,47
5,2018,10,0,74
5,2018,12,0,27
5,2018,6,0,4
5,2018,13,0,26
5,2018,18,0,9
5,2018,9,0,11
5,2018,5,0,0
6,1970,13,0,13
6,1970,6,0,61
6,1970,8,0,14
6,1970,5,0,44
6,1970,2,0,0
6,1970,9,0,0
6,1970,11,0,0
6,1970,10,0,4
6,1971,8,0,1
6,1971,6,0,82
6,1971,13,0,7
6,1971,5,0,80
6,1971,9,0,2
6,1971,2,0,0
6,1972,6,0,234
6,1972,13,0,9
6,1972,5,0,289
6,1972,8,0,3
6,1972,9,0,5
6,1972,7,0,0
6,1973,5,0,268
6,1973,13,0,10
6,1973,8,0,1
6,1973,6,0,80
6,1973,2,0,1
6,1973,9,0,8
6,1974,13,0,21
6,1974,6,0,267
6,1974,5,0,245
6,1974,8,0,0
6,1974,3,0,0
6,1974,9,0,4
6,1974,2,0,0
6,1974,7,0,0
6,1975,6,0,125
6,1975,8,0,0
6,1975,5,0,479
6,1975,13,0,8
6,1975,9,0,3
6,1975,2,0,0
6,1976,13,0,25
6,1976,6,0,224
6,1976,5,0,377
6,1976,8,0,9
6,1976,2,0,0
6,1976,9,0,12
6,1976,12,0,0
6,1977,6,0,34
6,1977,5,0,368
6,1977,13,0,33
6,1977,8,0,3
6,1977,9,0,3
6,1977,2,0,0
6,1978,13,0,91
6,1978,8,0,436
6,1978,6,0,292
6,1978,5,0,552
6,1978,9,0,11
6,1978,2,0,0
6,1978,11,0,0
6,1979,13,0,283
6,1979,6,0,455
6,1979,5,0,1027
6,1979,8,0,37
6,1979,9,0,10
6,1979,7,0,0
6,1979,12,0,0
6,1979,11,0,0
6,1979,2,0,1
6,1979,3,0,0
6,1979,10,0,0
6,1980,6,0,572
6,1980,13,0,319
6,1980,5,0,3202
6,1980,8,0,50
6,1980,9,0,16
6,1980,7,0,0
6,1980,12,0,0
6,1980,2,0,0
6,1981,13,0,395
6,1981,6,0,810
6,1981,5,0,3305
6,1981,8,0,5
6,1981,9,0,4
6,1981,11,0,3
6,1981,1,0,0
6,1982,6,0,798
6,1982,13,0,305
6,1982,5,0,3683
6,1982,8,0,15
6,1982,9,0,82
6,1982,12,0,0
6,1982,11,0,0
6,1983,6,0,1435
6,1983,8,0,10
6,1983,5,0,5993
6,1983,13,0,498
6,1983,9,0,9
6,1984,13,0,1659
6,1984,6,0,745
6,1984,8,0,52
6,1984,5,0,5967
6,1984,9,0,93
6,1984,11,0,0
6,1984,2,0,1
6,1984,10,0,3
6,1984,1,0,0
6,1984,12,0,2
6,1985,6,0,1670
6,1985,13,0,397
6,1985,5,0,3750
6,1985,8,0,106
6,1985,9,0,16
6,1985,3,0,0
6,1985,10,0,0
6,1986,13,0,1410
6,1986,6,0,1027
6,1986,5,0,2031
6,1986,9,0,34
6,1986,8,0,38
6,1986,11,0,25
6,1986,10,0,6
6,1986,2,0,0
6,1987,13,0,575
6,1987,6,0,1583
6,1987,5,0,3765
6,1987,8,0,37
6,1987,9,0,61
6,1987,10,0,0
6,1987,2,0,19
6,1987,11,0,0
6,1988,6,0,1482
6,1988,5,0,4416
6,1988,13,0,246
6,1988,8,0,22
6,1988,9,0,69
6,1988,10,0,1
6,1988,2,0,0
6,1988,11,0,2
6,1988,12,0,0
6,1989,8,0,71
6,1989,5,0,5506
6,1989,6,0,1660
6,1989,13,0,101
6,1989,9,0,164
6,1989,12,0,1
6,1989,11,0,0
6,1989,10,0,16
6,1989,2,0,1
6,1990,5,0,5263
6,1990,6,0,857
6,1990,13,0,98
6,1990,8,0,65
6,1990,9,0,186
6,1990,2,0,0
6,1990,11,0,0
6,1990,1,0,0
6,1990,10,0,1
6,1990,12,0,0
6,1991,5,0,6179
6,1991,6,0,1211
6,1991,8,0,66
6,1991,13,0,58
6,1991,12,0,3
6,1991,7,0,0
6,1991,9,0,170
6,1991,10,0,3
6,1991,2,0,3
6,1992,6,0,1461
6,1992,5,0,6129
6,1992,8,0,357
6,1992,13,0,318
6,1992,9,0,234
6,1992,2,0,8
6,1992,12,0,2
6,1992,10,0,0
6,1992,11,0,0
6,1993,5,0,0
6,1994,6,0,1088
6,1994,5,0,3811
6,1994,13,0,847
6,1994,8,0,49
6,1994,9,0,188
6,1994,10,0,19
6,1994,12,0,7
6,1994,2,0,12
6,1994,7,0,0
6,1995,8,0,17
6,1995,2,0,30
6,1995,6,0,1692
6,1995,13,0,1014
6,1995,5,0,2829
6,1995,9,0,106
6,1995,7,0,0
6,1995,12,0,1
6,1995,11,0,1
6,1996,6,0,1532
6,1996,5,0,2480
6,1996,8,0,65
6,1996,13,0,1568
6,1996,9,0,376
6,1996,7,0,0
6,1996,10,0,4
6,1997,5,0,3019
6,1997,8,0,111
6,1997,6,0,1642
6,1997,13,0,2229
6,1997,9,0,2857
6,1997,10,0,1
6,1997,2,0,0
6,1997,7,0,0
6,1998,5,0,1549
6,1998,6,0,1515
6,1998,9,0,533
6,1998,8,0,15
6,1998,13,0,504
6,1998,7,0,0
6,1998,2,0,2
6,1998,11,0,0
6,1999,9,0,277
6,1999,5,0,1508
6,1999,6,0,1132
6,1999,8,0,81
6,1999,13,0,185
6,1999,2,0,67
6,1999,12,0,0
6,1999,10,0,1
6,1999,11,0,0
6,2000,5,0,1948
6,2000,6,0,1460
6,2000,8,0,72
6,2000,13,0,440
6,2000,9,0,183
6,2000,2,0,200
6,2000,11,0,12
6,2000,3,0,0
6,2000,12,0,0
6,2000,7,0,0
6,2001,13,0,413
6,2001,6,0,1126
6,2001,8,0,138
6,2001,5,0,2469
6,2001,9,0,223
6,2001,2,0,4
6,2001,10,0,3012
6,2001,11,0,0
6,2001,12,0,0
6,2001,1,0,7
6,2002,6,0,1782
6,2002,5,0,1908
6,2002,8,0,535
6,2002,13,0,276
6,2002,10,0,1
6,2002,9,0,162
6,2002,2,0,10
6,2002,12,0,0
6,2003,5,0,1180
6,2003,6,0,1788
6,2003,8,0,22
6,2003,9,0,175
6,2003,13,0,126
6,2003,12,0,0
6,2003,7,0,0
6,2003,2,0,3
6,2003,10,0,0
6,2003,11,0,0
6,2003,1,0,0
6,2004,5,0,1780
6,2004,6,0,3593
6,2004,8,0,14
6,2004,13,0,235
6,2004,9,0,37
6,2004,1,0,0
6,2004,2,0,0
6,2004,10,0,0
6,2005,6,0,3945
6,2005,5,0,1927
6,2005,13,0,220
6,2005,8,0,74
6,2005,9,0,84
6,2005,1,0,0
6,2005,2,0,0
6,2005,7,0,1
6,2005,11,0,0
6,2006,8,0,34
6,2006,6,0,5981
6,2006,5,0,2839
6,2006,9,0,100
6,2006,13,0,214
6,2006,11,0,0
6,2006,10,0,0
6,2006,12,0,0
6,2007,5,0,3396
6,2007,6,0,8774
6,2007,8,0,169
6,2007,13,0,209
6,2007,9,0,99
6,2007,2,0,30
6,2007,11,0,0
6,2007,12,0,2
6,2008,5,0,2763
6,2008,8,0,94
6,2008,6,0,5587
6,2008,13,0,365
6,2008,9,0,256
6,2008,12,0,2
6,2008,2,0,0
6,2008,11,0,1
6,2008,10,0,4
6,2008,7,0,0
6,2009,6,0,5339
6,2009,5,0,2049
6,2009,9,0,401
6,2009,13,0,913
6,2009,8,0,534
6,2009,12,0,7
6,2009,10,0,8
6,2009,2,0,2
6,2009,11,0,0
6,2010,6,0,4949
6,2010,13,0,595
6,2010,5,0,2082
6,2010,8,0,48
6,2010,9,0,133
6,2010,2,0,0
6,2010,10,0,2
6,2010,11,0,0
6,2010,7,0,0
6,2010,1,0,0
6,2011,6,0,4835
6,2011,5,0,2658
6,2011,8,0,46
6,2011,9,0,179
6,2011,13,0,487
6,2011,7,0,0
6,2011,11,0,1
6,2011,2,0,0
6,2011,10,0,8
6,2011,1,0,0
6,2011,12,0,2
6,2012,6,0,9119
6,2012,5,0,5367
6,2012,8,0,84
6,2012,13,0,755
6,2012,9,0,127
6,2012,11,0,0
6,2012,2,0,1
6,2012,10,0,4
6,2012,12,0,2
6,2013,6,0,14036
6,2013,5,0,7149
6,2013,8,0,182
6,2013,13,0,633
6,2013,9,0,129
6,2013,2,0,27
6,2013,12,0,0
6,2013,10,0,1
6,2013,1,0,0
6,2013,11,0,4
6,2014,6,0,21946
6,2014,13,0,5120
6,2014,5,0,16008
6,2014,9,0,494
6,2014,8,0,637
6,2014,7,0,0
6,2014,12,0,7
6,2014,10,0,6
6,2014,2,0,58
6,2014,11,0,0
6,2015,6,0,19867
6,2015,8,0,437
6,2015,5,0,12200
6,2015,9,0,602
6,2015,13,0,5567
6,2015,11,0,0
6,2015,2,0,11
6,2015,10,0,20
6,2015,12,0,8
6,2016,6,0,18554
6,2016,5,0,9729
6,2016,9,0,361
6,2016,10,0,21
6,2016,8,0,304
6,2016,13,0,5748
6,2016,2,0,51
6,2016,12,0,68
6,2016,11,0,0
6,2017,5,0,7949
6,2017,6,0,13338
6,2017,13,0,4412
6,2017,9,0,402
6,2017,2,0,50
6,2017,8,0,202
6,2017,10,0,35
6,2017,7,0,0
6,2017,11,0,34
6,2017,12,0,22
6,2018,6,0,8331
6,2018,5,0,8957
6,2018,8,0,458
6,2018,9,0,260
6,2018,13,0,4903
6,2018,12,0,11
6,2018,10,0,15
6,2018,11,0,1
6,2018,2,0,1
